{
    "1": {
        "width": 1,
        "height": 1,
        "x": 379,
        "y": 112,
        "pixelRatio": 1
    },
    "2": {
        "width": 36,
        "height": 16,
        "x": 216,
        "y": 305,
        "pixelRatio": 1
    },
    "3": {
        "width": 36,
        "height": 16,
        "x": 288,
        "y": 321,
        "pixelRatio": 1
    },
    "4": {
        "width": 48,
        "height": 16,
        "x": 48,
        "y": 239,
        "pixelRatio": 1
    },
    "5": {
        "width": 36,
        "height": 16,
        "x": 344,
        "y": 200,
        "pixelRatio": 1
    },
    "6": {
        "width": 36,
        "height": 16,
        "x": 344,
        "y": 96,
        "pixelRatio": 1
    },
    "7": {
        "width": 48,
        "height": 16,
        "x": 144,
        "y": 223,
        "pixelRatio": 1
    },
    "8": {
        "width": 24,
        "height": 20,
        "x": 320,
        "y": 162,
        "pixelRatio": 1
    },
    "9": {
        "width": 24,
        "height": 20,
        "x": 320,
        "y": 182,
        "pixelRatio": 1
    },
    "10": {
        "width": 40,
        "height": 20,
        "x": 223,
        "y": 153,
        "pixelRatio": 1
    },
    "11": {
        "width": 52,
        "height": 20,
        "x": 52,
        "y": 125,
        "pixelRatio": 1
    },
    "12": {
        "width": 20,
        "height": 20,
        "x": 320,
        "y": 282,
        "pixelRatio": 1
    },
    "13": {
        "width": 36,
        "height": 20,
        "x": 272,
        "y": 169,
        "pixelRatio": 1
    },
    "14": {
        "width": 48,
        "height": 20,
        "x": 173,
        "y": 60,
        "pixelRatio": 1
    },
    "15": {
        "width": 48,
        "height": 20,
        "x": 173,
        "y": 40,
        "pixelRatio": 1
    },
    "16": {
        "width": 36,
        "height": 16,
        "x": 180,
        "y": 305,
        "pixelRatio": 1
    },
    "17": {
        "width": 36,
        "height": 16,
        "x": 344,
        "y": 264,
        "pixelRatio": 1
    },
    "18": {
        "width": 48,
        "height": 16,
        "x": 223,
        "y": 194,
        "pixelRatio": 1
    },
    "19": {
        "width": 36,
        "height": 16,
        "x": 108,
        "y": 305,
        "pixelRatio": 1
    },
    "20": {
        "width": 36,
        "height": 16,
        "x": 72,
        "y": 305,
        "pixelRatio": 1
    },
    "21": {
        "width": 48,
        "height": 16,
        "x": 48,
        "y": 223,
        "pixelRatio": 1
    },
    "22": {
        "width": 20,
        "height": 20,
        "x": 320,
        "y": 202,
        "pixelRatio": 1
    },
    "23": {
        "width": 38,
        "height": 20,
        "x": 272,
        "y": 32,
        "pixelRatio": 1
    },
    "24": {
        "width": 50,
        "height": 20,
        "x": 173,
        "y": 0,
        "pixelRatio": 1
    },
    "25": {
        "width": 37,
        "height": 17,
        "x": 222,
        "y": 288,
        "pixelRatio": 1
    },
    "26": {
        "width": 37,
        "height": 17,
        "x": 185,
        "y": 288,
        "pixelRatio": 1
    },
    "27": {
        "width": 49,
        "height": 17,
        "x": 223,
        "y": 102,
        "pixelRatio": 1
    },
    "28": {
        "width": 37,
        "height": 17,
        "x": 272,
        "y": 250,
        "pixelRatio": 1
    },
    "29": {
        "width": 37,
        "height": 17,
        "x": 74,
        "y": 288,
        "pixelRatio": 1
    },
    "30": {
        "width": 49,
        "height": 17,
        "x": 147,
        "y": 206,
        "pixelRatio": 1
    },
    "31": {
        "width": 25,
        "height": 24,
        "x": 91,
        "y": 43,
        "pixelRatio": 1
    },
    "32": {
        "width": 39,
        "height": 22,
        "x": 116,
        "y": 182,
        "pixelRatio": 1
    },
    "33": {
        "width": 39,
        "height": 22,
        "x": 77,
        "y": 182,
        "pixelRatio": 1
    },
    "34": {
        "width": 52,
        "height": 24,
        "x": 52,
        "y": 79,
        "pixelRatio": 1
    },
    "35": {
        "width": 52,
        "height": 24,
        "x": 0,
        "y": 79,
        "pixelRatio": 1
    },
    "36": {
        "width": 37,
        "height": 17,
        "x": 37,
        "y": 288,
        "pixelRatio": 1
    },
    "37": {
        "width": 37,
        "height": 17,
        "x": 74,
        "y": 271,
        "pixelRatio": 1
    },
    "38": {
        "width": 49,
        "height": 17,
        "x": 0,
        "y": 206,
        "pixelRatio": 1
    },
    "39": {
        "width": 49,
        "height": 17,
        "x": 148,
        "y": 164,
        "pixelRatio": 1
    },
    "40": {
        "width": 37,
        "height": 17,
        "x": 0,
        "y": 288,
        "pixelRatio": 1
    },
    "41": {
        "width": 37,
        "height": 17,
        "x": 185,
        "y": 271,
        "pixelRatio": 1
    },
    "42": {
        "width": 49,
        "height": 17,
        "x": 223,
        "y": 51,
        "pixelRatio": 1
    },
    "43": {
        "width": 37,
        "height": 17,
        "x": 148,
        "y": 288,
        "pixelRatio": 1
    },
    "44": {
        "width": 37,
        "height": 17,
        "x": 111,
        "y": 288,
        "pixelRatio": 1
    },
    "45": {
        "width": 49,
        "height": 17,
        "x": 223,
        "y": 119,
        "pixelRatio": 1
    },
    "46": {
        "width": 37,
        "height": 17,
        "x": 259,
        "y": 271,
        "pixelRatio": 1
    },
    "47": {
        "width": 37,
        "height": 17,
        "x": 222,
        "y": 271,
        "pixelRatio": 1
    },
    "48": {
        "width": 49,
        "height": 17,
        "x": 49,
        "y": 206,
        "pixelRatio": 1
    },
    "49": {
        "width": 37,
        "height": 17,
        "x": 148,
        "y": 271,
        "pixelRatio": 1
    },
    "50": {
        "width": 37,
        "height": 17,
        "x": 111,
        "y": 271,
        "pixelRatio": 1
    },
    "51": {
        "width": 49,
        "height": 17,
        "x": 98,
        "y": 206,
        "pixelRatio": 1
    },
    "52": {
        "width": 36,
        "height": 16,
        "x": 252,
        "y": 305,
        "pixelRatio": 1
    },
    "53": {
        "width": 36,
        "height": 16,
        "x": 288,
        "y": 305,
        "pixelRatio": 1
    },
    "54": {
        "width": 49,
        "height": 17,
        "x": 223,
        "y": 0,
        "pixelRatio": 1
    },
    "55": {
        "width": 49,
        "height": 17,
        "x": 50,
        "y": 164,
        "pixelRatio": 1
    },
    "56": {
        "width": 36,
        "height": 16,
        "x": 72,
        "y": 321,
        "pixelRatio": 1
    },
    "57": {
        "width": 36,
        "height": 16,
        "x": 108,
        "y": 321,
        "pixelRatio": 1
    },
    "58": {
        "width": 49,
        "height": 17,
        "x": 223,
        "y": 85,
        "pixelRatio": 1
    },
    "59": {
        "width": 36,
        "height": 16,
        "x": 344,
        "y": 296,
        "pixelRatio": 1
    },
    "60": {
        "width": 36,
        "height": 16,
        "x": 344,
        "y": 312,
        "pixelRatio": 1
    },
    "61": {
        "width": 48,
        "height": 16,
        "x": 192,
        "y": 255,
        "pixelRatio": 1
    },
    "62": {
        "width": 48,
        "height": 16,
        "x": 144,
        "y": 239,
        "pixelRatio": 1
    },
    "63": {
        "width": 36,
        "height": 16,
        "x": 344,
        "y": 16,
        "pixelRatio": 1
    },
    "64": {
        "width": 36,
        "height": 16,
        "x": 344,
        "y": 136,
        "pixelRatio": 1
    },
    "65": {
        "width": 48,
        "height": 16,
        "x": 48,
        "y": 255,
        "pixelRatio": 1
    },
    "66": {
        "width": 36,
        "height": 16,
        "x": 344,
        "y": 216,
        "pixelRatio": 1
    },
    "67": {
        "width": 36,
        "height": 16,
        "x": 344,
        "y": 232,
        "pixelRatio": 1
    },
    "68": {
        "width": 48,
        "height": 16,
        "x": 96,
        "y": 255,
        "pixelRatio": 1
    },
    "69": {
        "width": 36,
        "height": 16,
        "x": 344,
        "y": 80,
        "pixelRatio": 1
    },
    "70": {
        "width": 36,
        "height": 16,
        "x": 36,
        "y": 321,
        "pixelRatio": 1
    },
    "71": {
        "width": 48,
        "height": 16,
        "x": 272,
        "y": 16,
        "pixelRatio": 1
    },
    "72": {
        "width": 24,
        "height": 22,
        "x": 320,
        "y": 72,
        "pixelRatio": 1
    },
    "73": {
        "width": 40,
        "height": 22,
        "x": 37,
        "y": 182,
        "pixelRatio": 1
    },
    "74": {
        "width": 39,
        "height": 19,
        "x": 272,
        "y": 91,
        "pixelRatio": 1
    },
    "75": {
        "width": 53,
        "height": 19,
        "x": 53,
        "y": 145,
        "pixelRatio": 1
    },
    "76": {
        "width": 35,
        "height": 36,
        "x": 49,
        "y": 37,
        "pixelRatio": 1
    },
    "77": {
        "width": 42,
        "height": 37,
        "x": 49,
        "y": 0,
        "pixelRatio": 1
    },
    "78": {
        "width": 49,
        "height": 36,
        "x": 0,
        "y": 0,
        "pixelRatio": 1
    },
    "79": {
        "width": 38,
        "height": 22,
        "x": 155,
        "y": 182,
        "pixelRatio": 1
    },
    "80": {
        "width": 50,
        "height": 22,
        "x": 52,
        "y": 103,
        "pixelRatio": 1
    },
    "81": {
        "width": 38,
        "height": 21,
        "x": 223,
        "y": 173,
        "pixelRatio": 1
    },
    "82": {
        "width": 49,
        "height": 21,
        "x": 124,
        "y": 24,
        "pixelRatio": 1
    },
    "83": {
        "width": 22,
        "height": 18,
        "x": 42,
        "y": 337,
        "pixelRatio": 1
    },
    "84": {
        "width": 38,
        "height": 18,
        "x": 272,
        "y": 214,
        "pixelRatio": 1
    },
    "85": {
        "width": 20,
        "height": 20,
        "x": 320,
        "y": 262,
        "pixelRatio": 1
    },
    "86": {
        "width": 36,
        "height": 20,
        "x": 272,
        "y": 149,
        "pixelRatio": 1
    },
    "87": {
        "width": 48,
        "height": 20,
        "x": 173,
        "y": 80,
        "pixelRatio": 1
    },
    "88": {
        "width": 21,
        "height": 19,
        "x": 0,
        "y": 337,
        "pixelRatio": 1
    },
    "89": {
        "width": 39,
        "height": 19,
        "x": 272,
        "y": 72,
        "pixelRatio": 1
    },
    "90": {
        "width": 48,
        "height": 16,
        "x": 96,
        "y": 223,
        "pixelRatio": 1
    },
    "91": {
        "width": 48,
        "height": 16,
        "x": 272,
        "y": 0,
        "pixelRatio": 1
    },
    "92": {
        "width": 48,
        "height": 16,
        "x": 192,
        "y": 223,
        "pixelRatio": 1
    },
    "93": {
        "width": 20,
        "height": 19,
        "x": 104,
        "y": 79,
        "pixelRatio": 1
    },
    "94": {
        "width": 38,
        "height": 19,
        "x": 272,
        "y": 110,
        "pixelRatio": 1
    },
    "95": {
        "width": 50,
        "height": 19,
        "x": 173,
        "y": 100,
        "pixelRatio": 1
    },
    "96": {
        "width": 50,
        "height": 19,
        "x": 173,
        "y": 119,
        "pixelRatio": 1
    },
    "97": {
        "width": 38,
        "height": 18,
        "x": 272,
        "y": 232,
        "pixelRatio": 1
    },
    "98": {
        "width": 50,
        "height": 18,
        "x": 173,
        "y": 138,
        "pixelRatio": 1
    },
    "99": {
        "width": 50,
        "height": 18,
        "x": 0,
        "y": 164,
        "pixelRatio": 1
    },
    "100": {
        "width": 36,
        "height": 16,
        "x": 144,
        "y": 305,
        "pixelRatio": 1
    },
    "101": {
        "width": 36,
        "height": 16,
        "x": 259,
        "y": 288,
        "pixelRatio": 1
    },
    "103": {
        "width": 37,
        "height": 24,
        "x": 124,
        "y": 73,
        "pixelRatio": 1
    },
    "104": {
        "width": 37,
        "height": 24,
        "x": 0,
        "y": 182,
        "pixelRatio": 1
    },
    "105": {
        "width": 49,
        "height": 24,
        "x": 124,
        "y": 0,
        "pixelRatio": 1
    },
    "106": {
        "width": 37,
        "height": 17,
        "x": 37,
        "y": 271,
        "pixelRatio": 1
    },
    "107": {
        "width": 37,
        "height": 17,
        "x": 0,
        "y": 271,
        "pixelRatio": 1
    },
    "108": {
        "width": 49,
        "height": 17,
        "x": 223,
        "y": 34,
        "pixelRatio": 1
    },
    "109": {
        "width": 36,
        "height": 16,
        "x": 180,
        "y": 321,
        "pixelRatio": 1
    },
    "110": {
        "width": 36,
        "height": 16,
        "x": 0,
        "y": 321,
        "pixelRatio": 1
    },
    "111": {
        "width": 49,
        "height": 17,
        "x": 223,
        "y": 136,
        "pixelRatio": 1
    },
    "112": {
        "width": 36,
        "height": 16,
        "x": 144,
        "y": 321,
        "pixelRatio": 1
    },
    "113": {
        "width": 36,
        "height": 16,
        "x": 344,
        "y": 64,
        "pixelRatio": 1
    },
    "114": {
        "width": 48,
        "height": 16,
        "x": 96,
        "y": 239,
        "pixelRatio": 1
    },
    "115": {
        "width": 48,
        "height": 16,
        "x": 0,
        "y": 239,
        "pixelRatio": 1
    },
    "116": {
        "width": 36,
        "height": 16,
        "x": 216,
        "y": 321,
        "pixelRatio": 1
    },
    "117": {
        "width": 36,
        "height": 16,
        "x": 344,
        "y": 48,
        "pixelRatio": 1
    },
    "118": {
        "width": 48,
        "height": 16,
        "x": 0,
        "y": 255,
        "pixelRatio": 1
    },
    "119": {
        "width": 36,
        "height": 16,
        "x": 252,
        "y": 321,
        "pixelRatio": 1
    },
    "120": {
        "width": 48,
        "height": 16,
        "x": 0,
        "y": 223,
        "pixelRatio": 1
    },
    "121": {
        "width": 36,
        "height": 16,
        "x": 344,
        "y": 248,
        "pixelRatio": 1
    },
    "122": {
        "width": 36,
        "height": 16,
        "x": 0,
        "y": 305,
        "pixelRatio": 1
    },
    "123": {
        "width": 48,
        "height": 16,
        "x": 144,
        "y": 255,
        "pixelRatio": 1
    },
    "124": {
        "width": 20,
        "height": 20,
        "x": 320,
        "y": 242,
        "pixelRatio": 1
    },
    "125": {
        "width": 36,
        "height": 20,
        "x": 272,
        "y": 129,
        "pixelRatio": 1
    },
    "126": {
        "width": 36,
        "height": 16,
        "x": 344,
        "y": 280,
        "pixelRatio": 1
    },
    "127": {
        "width": 36,
        "height": 16,
        "x": 36,
        "y": 305,
        "pixelRatio": 1
    },
    "128": {
        "width": 40,
        "height": 43,
        "x": 0,
        "y": 36,
        "pixelRatio": 1
    },
    "129": {
        "width": 33,
        "height": 43,
        "x": 91,
        "y": 0,
        "pixelRatio": 1
    },
    "130": {
        "width": 20,
        "height": 20,
        "x": 320,
        "y": 222,
        "pixelRatio": 1
    },
    "131": {
        "width": 38,
        "height": 20,
        "x": 272,
        "y": 52,
        "pixelRatio": 1
    },
    "132": {
        "width": 52,
        "height": 20,
        "x": 104,
        "y": 125,
        "pixelRatio": 1
    },
    "133": {
        "width": 52,
        "height": 20,
        "x": 102,
        "y": 103,
        "pixelRatio": 1
    },
    "134": {
        "width": 36,
        "height": 16,
        "x": 344,
        "y": 32,
        "pixelRatio": 1
    },
    "135": {
        "width": 36,
        "height": 16,
        "x": 344,
        "y": 0,
        "pixelRatio": 1
    },
    "136": {
        "width": 49,
        "height": 17,
        "x": 223,
        "y": 17,
        "pixelRatio": 1
    },
    "137": {
        "width": 49,
        "height": 17,
        "x": 223,
        "y": 68,
        "pixelRatio": 1
    },
    "138": {
        "width": 49,
        "height": 17,
        "x": 99,
        "y": 164,
        "pixelRatio": 1
    },
    "139": {
        "width": 20,
        "height": 19,
        "x": 0,
        "y": 356,
        "pixelRatio": 1
    },
    "140": {
        "width": 20,
        "height": 19,
        "x": 300,
        "y": 189,
        "pixelRatio": 1
    },
    "141": {
        "width": 24,
        "height": 24,
        "x": 320,
        "y": 0,
        "pixelRatio": 1
    },
    "142": {
        "width": 21,
        "height": 25,
        "x": 320,
        "y": 94,
        "pixelRatio": 1
    },
    "143": {
        "width": 32,
        "height": 28,
        "x": 124,
        "y": 45,
        "pixelRatio": 1
    },
    "144": {
        "width": 25,
        "height": 19,
        "x": 193,
        "y": 182,
        "pixelRatio": 1
    },
    "145": {
        "width": 24,
        "height": 24,
        "x": 344,
        "y": 112,
        "pixelRatio": 1
    },
    "146": {
        "width": 15,
        "height": 14,
        "x": 156,
        "y": 145,
        "pixelRatio": 1
    },
    "147": {
        "width": 24,
        "height": 24,
        "x": 344,
        "y": 152,
        "pixelRatio": 1
    },
    "148": {
        "width": 28,
        "height": 25,
        "x": 272,
        "y": 189,
        "pixelRatio": 1
    },
    "149": {
        "width": 24,
        "height": 24,
        "x": 344,
        "y": 176,
        "pixelRatio": 1
    },
    "150": {
        "width": 3,
        "height": 3,
        "x": 376,
        "y": 112,
        "pixelRatio": 1
    },
    "151": {
        "width": 5,
        "height": 5,
        "x": 368,
        "y": 184,
        "pixelRatio": 1
    },
    "152": {
        "width": 16,
        "height": 16,
        "x": 156,
        "y": 125,
        "pixelRatio": 1
    },
    "153": {
        "width": 23,
        "height": 24,
        "x": 320,
        "y": 48,
        "pixelRatio": 1
    },
    "undefined": {
        "width": 50,
        "height": 18,
        "x": 106,
        "y": 145,
        "pixelRatio": 1
    },
    "arrow-magnitude-0": {
        "width": 8,
        "height": 8,
        "x": 368,
        "y": 120,
        "pixelRatio": 1
    },
    "arrow-magnitude-1": {
        "width": 8,
        "height": 8,
        "x": 368,
        "y": 152,
        "pixelRatio": 1
    },
    "arrow-magnitude-2": {
        "width": 8,
        "height": 8,
        "x": 368,
        "y": 128,
        "pixelRatio": 1
    },
    "arrow-magnitude-3": {
        "width": 8,
        "height": 8,
        "x": 368,
        "y": 168,
        "pixelRatio": 1
    },
    "arrow-magnitude-4": {
        "width": 8,
        "height": 8,
        "x": 368,
        "y": 160,
        "pixelRatio": 1
    },
    "arrow-revers": {
        "width": 8,
        "height": 8,
        "x": 368,
        "y": 176,
        "pixelRatio": 1
    },
    "arrow": {
        "width": 8,
        "height": 8,
        "x": 368,
        "y": 112,
        "pixelRatio": 1
    },
    "under-construction-night": {
        "width": 16,
        "height": 16,
        "x": 154,
        "y": 103,
        "pixelRatio": 1
    },
    "under-construction": {
        "width": 16,
        "height": 16,
        "x": 156,
        "y": 45,
        "pixelRatio": 1
    }
}