{"id":"traffic","layers":[{"filter":["all",["==","traffic_road_coverage","one_side"],["!has","left_hand_traffic"],["==","road_type","Parking road"]],"id":"Vector Traffic Outline One Side Parking road","layout":{"line-cap":"round","line-join":"round","line-round-limit":1.05,"visibility":"visible"},"paint":{"line-color":{"property":"traffic_level","stops":[[0,"#3c3c3c"],[0.01,"#801212"],[0.8,"#80801c"],[1,"#166416"]]},"line-offset":{"stops":[[5,0],[6,0],[7,0],[8,0],[9,0],[10,0],[11,0],[12,0],[13,0],[14,0],[15,0],[16,3.51333],[17,3.73333],[18,4.05333]]},"line-width":{"stops":[[5,3],[6,3.5],[7,2.5],[8,3.5],[9,3.5],[10,2.9],[11,5.5],[12,4.1],[13,4.5],[14,5.5],[15,5],[16,5.351],[17,5.78],[18,6.403999999999999]]}},"source":"vectorTilesTraffic","source-layer":"Traffic flow","type":"line"},{"filter":["all",["==","traffic_road_coverage","one_side"],["has","left_hand_traffic"],["==","road_type","Parking road"]],"id":"Vector Traffic Outline One Side Left Hand Traffic Parking road","layout":{"line-cap":"round","line-join":"round","line-round-limit":1.05,"visibility":"visible"},"paint":{"line-color":{"property":"traffic_level","stops":[[0,"#3c3c3c"],[0.01,"#801212"],[0.8,"#80801c"],[1,"#166416"]]},"line-offset":{"stops":[[5,0],[6,0],[7,0],[8,0],[9,0],[10,0],[11,0],[12,0],[13,0],[14,0],[15,0],[16,-3.51333],[17,-3.73333],[18,-4.05333]]},"line-width":{"stops":[[5,3],[6,3.5],[7,2.5],[8,3.5],[9,3.5],[10,2.9],[11,5.5],[12,4.1],[13,4.5],[14,5.5],[15,5],[16,5.351],[17,5.78],[18,6.403999999999999]]}},"source":"vectorTilesTraffic","source-layer":"Traffic flow","type":"line"},{"filter":["all",["==","traffic_road_coverage","full"],["!has","left_hand_traffic"],["==","road_type","Parking road"]],"id":"Vector Traffic Outline Full Parking road","layout":{"line-cap":"round","line-join":"round","line-round-limit":1.05,"visibility":"visible"},"paint":{"line-color":{"property":"traffic_level","stops":[[0,"#3c3c3c"],[0.01,"#801212"],[0.8,"#80801c"],[1,"#166416"]]},"line-offset":{"stops":[[5,0],[6,0],[7,0],[8,0],[9,0],[10,0],[11,0],[12,0],[13,0],[14,0],[15,0],[16,0],[17,0],[18,0]]},"line-width":{"stops":[[5,3],[6,3.5],[7,2.5],[8,3.5],[9,3.5],[10,2.9],[11,5.5],[12,4.1],[13,4.5],[14,5.5],[15,5],[16,5.351],[17,5.78],[18,6.403999999999999]]}},"source":"vectorTilesTraffic","source-layer":"Traffic flow","type":"line"},{"filter":["all",["==","traffic_road_coverage","full"],["has","left_hand_traffic"],["==","road_type","Parking road"]],"id":"Vector Traffic Outline Full Left Hand Traffic Parking road","layout":{"line-cap":"round","line-join":"round","line-round-limit":1.05,"visibility":"visible"},"paint":{"line-color":{"property":"traffic_level","stops":[[0,"#3c3c3c"],[0.01,"#801212"],[0.8,"#80801c"],[1,"#166416"]]},"line-offset":{"stops":[[5,0],[6,0],[7,0],[8,0],[9,0],[10,0],[11,0],[12,0],[13,0],[14,0],[15,0],[16,0],[17,0],[18,0]]},"line-width":{"stops":[[5,3],[6,3.5],[7,2.5],[8,3.5],[9,3.5],[10,2.9],[11,5.5],[12,4.1],[13,4.5],[14,5.5],[15,5],[16,5.351],[17,5.78],[18,6.403999999999999]]}},"source":"vectorTilesTraffic","source-layer":"Traffic flow","type":"line"},{"filter":["all",["==","traffic_road_coverage","one_side"],["has","left_hand_traffic"],["==","road_type","Parking road"]],"id":"Vector Traffic One Side Left Hand Traffic Parking road","layout":{"line-cap":"round","line-join":"round","line-miter-limit":2,"line-round-limit":1.05,"visibility":"visible"},"paint":{"line-color":{"property":"traffic_level","stops":[[0,"#777777"],[0.01,"#FF2323"],[0.8,"#FFFF37"],[1,"#2BC82B"]]},"line-offset":{"stops":[[5,0],[6,0],[7,0],[8,0],[9,0],[10,0],[11,0],[12,0],[13,0],[14,0],[15,0],[16,-3.51333],[17,-3.73333],[18,-4.05333]]},"line-width":{"stops":[[5,3],[6,5],[7,2],[8,3],[9,4],[10,2.4],[11,5],[12,3.5],[13,4],[14,5],[15,5],[16,5.27],[17,5.6],[18,6.08]]}},"source":"vectorTilesTraffic","source-layer":"Traffic flow","type":"line"},{"filter":["all",["==","traffic_road_coverage","full"],["has","left_hand_traffic"],["==","road_type","Parking road"]],"id":"Vector Traffic Full Left Hand Traffic Parking road","layout":{"line-cap":"round","line-join":"round","line-miter-limit":2,"line-round-limit":1.05,"visibility":"visible"},"paint":{"line-color":{"property":"traffic_level","stops":[[0,"#777777"],[0.01,"#FF2323"],[0.8,"#FFFF37"],[1,"#2BC82B"]]},"line-offset":{"stops":[[5,0],[6,0],[7,0],[8,0],[9,0],[10,0],[11,0],[12,0],[13,0],[14,0],[15,0],[16,0],[17,0],[18,0]]},"line-width":{"stops":[[5,3],[6,3],[7,2],[8,2],[9,3],[10,2.4],[11,5],[12,3.5],[13,4],[14,5],[15,5],[16,5.27],[17,5.6],[18,6.08]]}},"source":"vectorTilesTraffic","source-layer":"Traffic flow","type":"line"},{"filter":["all",["==","traffic_road_coverage","one_side"],["!has","left_hand_traffic"],["==","road_type","Parking road"]],"id":"Vector Traffic One Side Parking road","layout":{"line-cap":"round","line-join":"round","line-miter-limit":2,"line-round-limit":1.05,"visibility":"visible"},"paint":{"line-color":{"property":"traffic_level","stops":[[0,"#777777"],[0.01,"#FF2323"],[0.8,"#FFFF37"],[1,"#2BC82B"]]},"line-offset":{"stops":[[5,0],[6,0],[7,0],[8,0],[9,0],[10,0],[11,0],[12,0],[13,0],[14,0],[15,0],[16,3.51333],[17,3.73333],[18,4.05333]]},"line-width":{"stops":[[5,3],[6,5],[7,2],[8,3],[9,4],[10,2.4],[11,5],[12,3.5],[13,4],[14,5],[15,5],[16,5.27],[17,5.6],[18,6.08]]}},"source":"vectorTilesTraffic","source-layer":"Traffic flow","type":"line"},{"filter":["all",["==","traffic_road_coverage","full"],["!has","left_hand_traffic"],["==","road_type","Parking road"]],"id":"Vector Traffic Full Parking road","layout":{"line-cap":"round","line-join":"round","line-miter-limit":2,"line-round-limit":1.05,"visibility":"visible"},"paint":{"line-color":{"property":"traffic_level","stops":[[0,"#777777"],[0.01,"#FF2323"],[0.8,"#FFFF37"],[1,"#2BC82B"]]},"line-offset":{"stops":[[5,0],[6,0],[7,0],[8,0],[9,0],[10,0],[11,0],[12,0],[13,0],[14,0],[15,0],[16,0],[17,0],[18,0]]},"line-width":{"stops":[[5,3],[6,3],[7,2],[8,2],[9,3],[10,2.4],[11,5],[12,3.5],[13,4],[14,5],[15,5],[16,5.27],[17,5.6],[18,6.08]]}},"source":"vectorTilesTraffic","source-layer":"Traffic flow","type":"line"},{"filter":["all",["==","traffic_road_coverage","one_side"],["!has","left_hand_traffic"],["==","road_type","Non public road"]],"id":"Vector Traffic Outline One Side Non public road","layout":{"line-cap":"round","line-join":"round","line-round-limit":1.05,"visibility":"visible"},"paint":{"line-color":{"property":"traffic_level","stops":[[0,"#3c3c3c"],[0.01,"#801212"],[0.8,"#80801c"],[1,"#166416"]]},"line-offset":{"stops":[[5,0],[6,0],[7,0],[8,0],[9,0],[10,0],[11,0],[12,0],[13,0],[14,0],[15,0],[16,3.51333],[17,3.73333],[18,4.05333]]},"line-width":{"stops":[[5,3],[6,3.5],[7,2.5],[8,3.5],[9,3.5],[10,2.9],[11,5.5],[12,4.1],[13,4.5],[14,5.5],[15,5],[16,6.403999999999999],[17,6.8],[18,8.276]]}},"source":"vectorTilesTraffic","source-layer":"Traffic flow","type":"line"},{"filter":["all",["==","traffic_road_coverage","one_side"],["has","left_hand_traffic"],["==","road_type","Non public road"]],"id":"Vector Traffic Outline One Side Left Hand Traffic Non public road","layout":{"line-cap":"round","line-join":"round","line-round-limit":1.05,"visibility":"visible"},"paint":{"line-color":{"property":"traffic_level","stops":[[0,"#3c3c3c"],[0.01,"#801212"],[0.8,"#80801c"],[1,"#166416"]]},"line-offset":{"stops":[[5,0],[6,0],[7,0],[8,0],[9,0],[10,0],[11,0],[12,0],[13,0],[14,0],[15,0],[16,-4.05333],[17,-4.53333],[18,-5.01333]]},"line-width":{"stops":[[5,3],[6,3.5],[7,2.5],[8,3.5],[9,3.5],[10,2.9],[11,5.5],[12,4.1],[13,4.5],[14,5.5],[15,5],[16,6.403999999999999],[17,6.8],[18,8.276]]}},"source":"vectorTilesTraffic","source-layer":"Traffic flow","type":"line"},{"filter":["all",["==","traffic_road_coverage","full"],["!has","left_hand_traffic"],["==","road_type","Non public road"]],"id":"Vector Traffic Outline Full Non public road","layout":{"line-cap":"round","line-join":"round","line-round-limit":1.05,"visibility":"visible"},"paint":{"line-color":{"property":"traffic_level","stops":[[0,"#3c3c3c"],[0.01,"#801212"],[0.8,"#80801c"],[1,"#166416"]]},"line-offset":{"stops":[[5,0],[6,0],[7,0],[8,0],[9,0],[10,0],[11,0],[12,0],[13,0],[14,0],[15,0],[16,0],[17,0],[18,0]]},"line-width":{"stops":[[5,3],[6,3.5],[7,2.5],[8,3.5],[9,3.5],[10,2.9],[11,5.5],[12,4.1],[13,4.5],[14,5.5],[15,5],[16,6.403999999999999],[17,6.8],[18,8.276]]}},"source":"vectorTilesTraffic","source-layer":"Traffic flow","type":"line"},{"filter":["all",["==","traffic_road_coverage","full"],["has","left_hand_traffic"],["==","road_type","Non public road"]],"id":"Vector Traffic Outline Full Left Hand Traffic Non public road","layout":{"line-cap":"round","line-join":"round","line-round-limit":1.05,"visibility":"visible"},"paint":{"line-color":{"property":"traffic_level","stops":[[0,"#3c3c3c"],[0.01,"#801212"],[0.8,"#80801c"],[1,"#166416"]]},"line-offset":{"stops":[[5,0],[6,0],[7,0],[8,0],[9,0],[10,0],[11,0],[12,0],[13,0],[14,0],[15,0],[16,0],[17,0],[18,0]]},"line-width":{"stops":[[5,3],[6,3.5],[7,2.5],[8,3.5],[9,3.5],[10,2.9],[11,5.5],[12,4.1],[13,4.5],[14,5.5],[15,5],[16,6.403999999999999],[17,6.8],[18,8.276]]}},"source":"vectorTilesTraffic","source-layer":"Traffic flow","type":"line"},{"filter":["all",["==","traffic_road_coverage","one_side"],["has","left_hand_traffic"],["==","road_type","Non public road"]],"id":"Vector Traffic One Side Left Hand Traffic Non public road","layout":{"line-cap":"round","line-join":"round","line-miter-limit":2,"line-round-limit":1.05,"visibility":"visible"},"paint":{"line-color":{"property":"traffic_level","stops":[[0,"#777777"],[0.01,"#FF2323"],[0.8,"#FFFF37"],[1,"#2BC82B"]]},"line-offset":{"stops":[[5,0],[6,0],[7,0],[8,0],[9,0],[10,0],[11,0],[12,0],[13,0],[14,0],[15,0],[16,-4.05333],[17,-4.53333],[18,-5.01333]]},"line-width":{"stops":[[5,3],[6,5],[7,2],[8,3],[9,4],[10,2.4],[11,5],[12,3.5],[13,4],[14,5],[15,5],[16,6.08],[17,6.8],[18,7.519999999999999]]}},"source":"vectorTilesTraffic","source-layer":"Traffic flow","type":"line"},{"filter":["all",["==","traffic_road_coverage","full"],["has","left_hand_traffic"],["==","road_type","Non public road"]],"id":"Vector Traffic Full Left Hand Traffic Non public road","layout":{"line-cap":"round","line-join":"round","line-miter-limit":2,"line-round-limit":1.05,"visibility":"visible"},"paint":{"line-color":{"property":"traffic_level","stops":[[0,"#777777"],[0.01,"#FF2323"],[0.8,"#FFFF37"],[1,"#2BC82B"]]},"line-offset":{"stops":[[5,0],[6,0],[7,0],[8,0],[9,0],[10,0],[11,0],[12,0],[13,0],[14,0],[15,0],[16,0],[17,0],[18,0]]},"line-width":{"stops":[[5,3],[6,3],[7,2],[8,2],[9,3],[10,2.4],[11,2],[12,3.5],[13,4],[14,5],[15,5],[16,6.08],[17,6.8],[18,7.519999999999999]]}},"source":"vectorTilesTraffic","source-layer":"Traffic flow","type":"line"},{"filter":["all",["==","traffic_road_coverage","one_side"],["!has","left_hand_traffic"],["==","road_type","Non public road"]],"id":"Vector Traffic One Side Non public road","layout":{"line-cap":"round","line-join":"round","line-miter-limit":2,"line-round-limit":1.05,"visibility":"visible"},"paint":{"line-color":{"property":"traffic_level","stops":[[0,"#777777"],[0.01,"#FF2323"],[0.8,"#FFFF37"],[1,"#2BC82B"]]},"line-offset":{"stops":[[5,0],[6,0],[7,0],[8,0],[9,0],[10,0],[11,0],[12,0],[13,0],[14,0],[15,0],[16,4.05333],[17,4.53333],[18,5.01333]]},"line-width":{"stops":[[5,3],[6,5],[7,2],[8,3],[9,4],[10,2.4],[11,5],[12,3.5],[13,4],[14,5],[15,5],[16,6.08],[17,6.8],[18,7.519999999999999]]}},"source":"vectorTilesTraffic","source-layer":"Traffic flow","type":"line"},{"filter":["all",["==","traffic_road_coverage","full"],["!has","left_hand_traffic"],["==","road_type","Non public road"]],"id":"Vector Traffic Full Non public road","layout":{"line-cap":"round","line-join":"round","line-miter-limit":2,"line-round-limit":1.05,"visibility":"visible"},"paint":{"line-color":{"property":"traffic_level","stops":[[0,"#777777"],[0.01,"#FF2323"],[0.8,"#FFFF37"],[1,"#2BC82B"]]},"line-offset":{"stops":[[5,0],[6,0],[7,0],[8,0],[9,0],[10,0],[11,0],[12,0],[13,0],[14,0],[15,0],[16,0],[17,0],[18,0]]},"line-width":{"stops":[[5,3],[6,3],[7,2],[8,2],[9,3],[10,2.4],[11,2],[12,3.5],[13,4],[14,5],[15,5],[16,6.08],[17,6.8],[18,7.519999999999999]]}},"source":"vectorTilesTraffic","source-layer":"Traffic flow","type":"line"},{"filter":["all",["==","traffic_road_coverage","one_side"],["!has","left_hand_traffic"],["==","road_type","Minor local road"]],"id":"Vector Traffic Outline One Side Minor local road","layout":{"line-cap":"round","line-join":"round","line-round-limit":1.05,"visibility":"visible"},"paint":{"line-color":{"property":"traffic_level","stops":[[0,"#3c3c3c"],[0.01,"#801212"],[0.8,"#80801c"],[1,"#166416"]]},"line-offset":{"stops":[[5,0],[6,0],[7,0],[8,0],[9,0],[10,0],[11,0],[12,0],[13,0],[14,0],[15,3.8],[16,4.17333],[17,4.73333],[18,5.29333]]},"line-width":{"stops":[[5,3],[6,3.5],[7,2.5],[8,3.5],[9,3.5],[10,2.9],[11,5.5],[12,4.1],[13,4.5],[14,5.5],[15,5.91],[16,6.638],[17,7.730000000000001],[18,8.822]]}},"source":"vectorTilesTraffic","source-layer":"Traffic flow","type":"line"},{"filter":["all",["==","traffic_road_coverage","one_side"],["has","left_hand_traffic"],["==","road_type","Minor local road"]],"id":"Vector Traffic Outline One Side Left Hand Traffic Minor local road","layout":{"line-cap":"round","line-join":"round","line-round-limit":1.05,"visibility":"visible"},"paint":{"line-color":{"property":"traffic_level","stops":[[0,"#3c3c3c"],[0.01,"#801212"],[0.8,"#80801c"],[1,"#166416"]]},"line-offset":{"stops":[[5,0],[6,0],[7,0],[8,0],[9,0],[10,0],[11,0],[12,0],[13,0],[14,0],[15,-3.8],[16,-4.17333],[17,-4.73333],[18,-5.29333]]},"line-width":{"stops":[[5,3],[6,3.5],[7,2.5],[8,3.5],[9,3.5],[10,2.9],[11,5.5],[12,4.1],[13,4.5],[14,5.5],[15,5.91],[16,6.638],[17,7.730000000000001],[18,8.822]]}},"source":"vectorTilesTraffic","source-layer":"Traffic flow","type":"line"},{"filter":["all",["==","traffic_road_coverage","full"],["!has","left_hand_traffic"],["==","road_type","Minor local road"]],"id":"Vector Traffic Outline Full Minor local road","layout":{"line-cap":"round","line-join":"round","line-round-limit":1.05,"visibility":"visible"},"paint":{"line-color":{"property":"traffic_level","stops":[[0,"#3c3c3c"],[0.01,"#801212"],[0.8,"#80801c"],[1,"#166416"]]},"line-offset":{"stops":[[5,0],[6,0],[7,0],[8,0],[9,0],[10,0],[11,0],[12,0],[13,0],[14,0],[15,0],[16,0],[17,0],[18,0]]},"line-width":{"stops":[[5,3],[6,3.5],[7,2.5],[8,3.5],[9,3.5],[10,2.9],[11,5.5],[12,4.1],[13,4.5],[14,5.5],[15,5.91],[16,6.638],[17,7.730000000000001],[18,8.822]]}},"source":"vectorTilesTraffic","source-layer":"Traffic flow","type":"line"},{"filter":["all",["==","traffic_road_coverage","full"],["has","left_hand_traffic"],["==","road_type","Minor local road"]],"id":"Vector Traffic Outline Full Left Hand Traffic Minor local road","layout":{"line-cap":"round","line-join":"round","line-round-limit":1.05,"visibility":"visible"},"paint":{"line-color":{"property":"traffic_level","stops":[[0,"#3c3c3c"],[0.01,"#801212"],[0.8,"#80801c"],[1,"#166416"]]},"line-offset":{"stops":[[5,0],[6,0],[7,0],[8,0],[9,0],[10,0],[11,0],[12,0],[13,0],[14,0],[15,0],[16,0],[17,0],[18,0]]},"line-width":{"stops":[[5,3],[6,3.5],[7,2.5],[8,3.5],[9,3.5],[10,2.9],[11,5.5],[12,4.1],[13,4.5],[14,5.5],[15,5.91],[16,6.638],[17,7.730000000000001],[18,8.822]]}},"source":"vectorTilesTraffic","source-layer":"Traffic flow","type":"line"},{"filter":["all",["==","traffic_road_coverage","one_side"],["has","left_hand_traffic"],["==","road_type","Minor local road"]],"id":"Vector Traffic One Side Left Hand Traffic Minor local road","layout":{"line-cap":"round","line-join":"round","line-miter-limit":2,"line-round-limit":1.05,"visibility":"visible"},"paint":{"line-color":{"property":"traffic_level","stops":[[0,"#777777"],[0.01,"#FF2323"],[0.8,"#FFFF37"],[1,"#2BC82B"]]},"line-offset":{"stops":[[5,0],[6,0],[7,0],[8,0],[9,0],[10,0],[11,0],[12,0],[13,0],[14,0],[15,-3.8],[16,-4.17333],[17,-4.73333],[18,-5.29333]]},"line-width":{"stops":[[5,3],[6,5],[7,2],[8,3],[9,4],[10,2.4],[11,5],[12,3.5],[13,4],[14,5],[15,5.7],[16,6.26],[17,7.1],[18,7.94]]}},"source":"vectorTilesTraffic","source-layer":"Traffic flow","type":"line"},{"filter":["all",["==","traffic_road_coverage","full"],["has","left_hand_traffic"],["==","road_type","Minor local road"]],"id":"Vector Traffic Full Left Hand Traffic Minor local road","layout":{"line-cap":"round","line-join":"round","line-miter-limit":2,"line-round-limit":1.05,"visibility":"visible"},"paint":{"line-color":{"property":"traffic_level","stops":[[0,"#777777"],[0.01,"#FF2323"],[0.8,"#FFFF37"],[1,"#2BC82B"]]},"line-offset":{"stops":[[5,0],[6,0],[7,0],[8,0],[9,0],[10,0],[11,0],[12,0],[13,0],[14,0],[15,0],[16,0],[17,0],[18,0]]},"line-width":{"stops":[[5,3],[6,3],[7,2],[8,2],[9,3],[10,2.4],[11,2],[12,3.5],[13,4],[14,5],[15,5.7],[16,6.26],[17,7.1],[18,7.94]]}},"source":"vectorTilesTraffic","source-layer":"Traffic flow","type":"line"},{"filter":["all",["==","traffic_road_coverage","one_side"],["!has","left_hand_traffic"],["==","road_type","Minor local road"]],"id":"Vector Traffic One Side Minor local road","layout":{"line-cap":"round","line-join":"round","line-miter-limit":2,"line-round-limit":1.05,"visibility":"visible"},"paint":{"line-color":{"property":"traffic_level","stops":[[0,"#777777"],[0.01,"#FF2323"],[0.8,"#FFFF37"],[1,"#2BC82B"]]},"line-offset":{"stops":[[5,0],[6,0],[7,0],[8,0],[9,0],[10,0],[11,0],[12,0],[13,0],[14,0],[15,3.8],[16,4.17333],[17,4.73333],[18,5.29333]]},"line-width":{"stops":[[5,3],[6,5],[7,2],[8,3],[9,4],[10,2.4],[11,5],[12,3.5],[13,4],[14,5],[15,5.7],[16,6.26],[17,7.1],[18,7.94]]}},"source":"vectorTilesTraffic","source-layer":"Traffic flow","type":"line"},{"filter":["all",["==","traffic_road_coverage","full"],["!has","left_hand_traffic"],["==","road_type","Minor local road"]],"id":"Vector Traffic Full Minor local road","layout":{"line-cap":"round","line-join":"round","line-miter-limit":2,"line-round-limit":1.05,"visibility":"visible"},"paint":{"line-color":{"property":"traffic_level","stops":[[0,"#777777"],[0.01,"#FF2323"],[0.8,"#FFFF37"],[1,"#2BC82B"]]},"line-offset":{"stops":[[5,0],[6,0],[7,0],[8,0],[9,0],[10,0],[11,0],[12,0],[13,0],[14,0],[15,0],[16,0],[17,0],[18,0]]},"line-width":{"stops":[[5,3],[6,3],[7,2],[8,2],[9,3],[10,2.4],[11,2],[12,3.5],[13,4],[14,5],[15,5.7],[16,6.26],[17,7.1],[18,7.94]]}},"source":"vectorTilesTraffic","source-layer":"Traffic flow","type":"line"},{"filter":["all",["==","traffic_road_coverage","one_side"],["!has","left_hand_traffic"],["==","road_type","Local road"]],"id":"Vector Traffic Outline One Side Local road","layout":{"line-cap":"round","line-join":"round","line-round-limit":1.05,"visibility":"visible"},"paint":{"line-color":{"property":"traffic_level","stops":[[0,"#3c3c3c"],[0.01,"#801212"],[0.8,"#80801c"],[1,"#166416"]]},"line-offset":{"stops":[[5,0],[6,0],[7,0],[8,0],[9,0],[10,0],[11,0],[12,0],[13,2],[14,3.70667],[15,3.97333],[16,4.53333],[17,5.2],[18,5.89333]]},"line-width":{"stops":[[5,3],[6,3.5],[7,2.5],[8,3.5],[9,3.5],[10,2.9],[11,5.5],[12,4.1],[13,4.5],[14,6.06],[15,6.248],[16,7.340000000000001],[17,8.64],[18,9.992]]}},"source":"vectorTilesTraffic","source-layer":"Traffic flow","type":"line"},{"filter":["all",["==","traffic_road_coverage","one_side"],["has","left_hand_traffic"],["==","road_type","Local road"]],"id":"Vector Traffic Outline One Side Left Hand Traffic Local road","layout":{"line-cap":"round","line-join":"round","line-round-limit":1.05,"visibility":"visible"},"paint":{"line-color":{"property":"traffic_level","stops":[[0,"#3c3c3c"],[0.01,"#801212"],[0.8,"#80801c"],[1,"#166416"]]},"line-offset":{"stops":[[5,0],[6,0],[7,0],[8,0],[9,0],[10,0],[11,0],[12,0],[13,-2],[14,-3.70667],[15,-3.97333],[16,-4.53333],[17,-5.2],[18,-5.89333]]},"line-width":{"stops":[[5,3],[6,3.5],[7,2.5],[8,3.5],[9,3.5],[10,2.9],[11,5.5],[12,4.1],[13,4.5],[14,6.06],[15,6.248],[16,7.340000000000001],[17,8.64],[18,9.992]]}},"source":"vectorTilesTraffic","source-layer":"Traffic flow","type":"line"},{"filter":["all",["==","traffic_road_coverage","full"],["!has","left_hand_traffic"],["==","road_type","Local road"]],"id":"Vector Traffic Outline Full Local road","layout":{"line-cap":"round","line-join":"round","line-round-limit":1.05,"visibility":"visible"},"paint":{"line-color":{"property":"traffic_level","stops":[[0,"#3c3c3c"],[0.01,"#801212"],[0.8,"#80801c"],[1,"#166416"]]},"line-offset":{"stops":[[5,0],[6,0],[7,0],[8,0],[9,0],[10,0],[11,0],[12,0],[13,0],[14,3.70667],[15,0],[16,0],[17,0],[18,0]]},"line-width":{"stops":[[5,3],[6,3.5],[7,2.5],[8,3.5],[9,3.5],[10,2.9],[11,5.5],[12,4.1],[13,4.5],[14,6.06],[15,6.248],[16,7.340000000000001],[17,8.64],[18,9.992]]}},"source":"vectorTilesTraffic","source-layer":"Traffic flow","type":"line"},{"filter":["all",["==","traffic_road_coverage","full"],["has","left_hand_traffic"],["==","road_type","Local road"]],"id":"Vector Traffic Outline Full Left Hand Traffic Local road","layout":{"line-cap":"round","line-join":"round","line-round-limit":1.05,"visibility":"visible"},"paint":{"line-color":{"property":"traffic_level","stops":[[0,"#3c3c3c"],[0.01,"#801212"],[0.8,"#80801c"],[1,"#166416"]]},"line-offset":{"stops":[[5,0],[6,0],[7,0],[8,0],[9,0],[10,0],[11,0],[12,0],[13,0],[14,-3.70667],[15,0],[16,0],[17,0],[18,0]]},"line-width":{"stops":[[5,3],[6,3.5],[7,2.5],[8,3.5],[9,3.5],[10,2.9],[11,5.5],[12,4.1],[13,4.5],[14,6.06],[15,6.248],[16,7.340000000000001],[17,8.64],[18,9.992]]}},"source":"vectorTilesTraffic","source-layer":"Traffic flow","type":"line"},{"filter":["all",["==","traffic_road_coverage","one_side"],["has","left_hand_traffic"],["==","road_type","Local road"]],"id":"Vector Traffic One Side Left Hand Traffic Local road","layout":{"line-cap":"round","line-join":"round","line-miter-limit":2,"line-round-limit":1.05,"visibility":"visible"},"paint":{"line-color":{"property":"traffic_level","stops":[[0,"#777777"],[0.01,"#FF2323"],[0.8,"#FFFF37"],[1,"#2BC82B"]]},"line-offset":{"stops":[[5,0],[6,0],[7,0],[8,0],[9,0],[10,0],[11,0],[12,0],[13,-2],[14,-3.70667],[15,-3.97333],[16,-4.53333],[17,-5.2],[18,-5.89333]]},"line-width":{"stops":[[5,3],[6,5],[7,2],[8,3],[9,4],[10,2.4],[11,5],[12,3.5],[13,4],[14,5.56],[15,5.96],[16,6.8],[17,7.8],[18,8.84]]}},"source":"vectorTilesTraffic","source-layer":"Traffic flow","type":"line"},{"filter":["all",["==","traffic_road_coverage","full"],["has","left_hand_traffic"],["==","road_type","Local road"]],"id":"Vector Traffic Full Left Hand Traffic Local road","layout":{"line-cap":"round","line-join":"round","line-miter-limit":2,"line-round-limit":1.05,"visibility":"visible"},"paint":{"line-color":{"property":"traffic_level","stops":[[0,"#777777"],[0.01,"#FF2323"],[0.8,"#FFFF37"],[1,"#2BC82B"]]},"line-offset":{"stops":[[5,0],[6,0],[7,0],[8,0],[9,0],[10,0],[11,0],[12,0],[13,0],[14,-3.70667],[15,0],[16,0],[17,0],[18,0]]},"line-width":{"stops":[[5,3],[6,3],[7,2],[8,2],[9,3],[10,2.4],[11,2],[12,3.5],[13,4],[14,5.56],[15,5.96],[16,6.8],[17,7.8],[18,8.84]]}},"source":"vectorTilesTraffic","source-layer":"Traffic flow","type":"line"},{"filter":["all",["==","traffic_road_coverage","one_side"],["!has","left_hand_traffic"],["==","road_type","Local road"]],"id":"Vector Traffic One Side Local road","layout":{"line-cap":"round","line-join":"round","line-miter-limit":2,"line-round-limit":1.05,"visibility":"visible"},"paint":{"line-color":{"property":"traffic_level","stops":[[0,"#777777"],[0.01,"#FF2323"],[0.8,"#FFFF37"],[1,"#2BC82B"]]},"line-offset":{"stops":[[5,0],[6,0],[7,0],[8,0],[9,0],[10,0],[11,0],[12,0],[13,2],[14,3.70667],[15,3.97333],[16,4.53333],[17,5.2],[18,5.89333]]},"line-width":{"stops":[[5,3],[6,5],[7,2],[8,3],[9,4],[10,2.4],[11,5],[12,3.5],[13,4],[14,5.56],[15,5.96],[16,6.8],[17,7.8],[18,8.84]]}},"source":"vectorTilesTraffic","source-layer":"Traffic flow","type":"line"},{"filter":["all",["==","traffic_road_coverage","full"],["!has","left_hand_traffic"],["==","road_type","Local road"]],"id":"Vector Traffic Full Local road","layout":{"line-cap":"round","line-join":"round","line-miter-limit":2,"line-round-limit":1.05,"visibility":"visible"},"paint":{"line-color":{"property":"traffic_level","stops":[[0,"#777777"],[0.01,"#FF2323"],[0.8,"#FFFF37"],[1,"#2BC82B"]]},"line-offset":{"stops":[[5,0],[6,0],[7,0],[8,0],[9,0],[10,0],[11,0],[12,0],[13,0],[14,3.70667],[15,0],[16,0],[17,0],[18,0]]},"line-width":{"stops":[[5,3],[6,3],[7,2],[8,2],[9,3],[10,2.4],[11,2],[12,3.5],[13,4],[14,5.56],[15,5.96],[16,6.8],[17,7.8],[18,8.84]]}},"source":"vectorTilesTraffic","source-layer":"Traffic flow","type":"line"},{"filter":["all",["==","traffic_road_coverage","one_side"],["!has","left_hand_traffic"],["==","road_type","Major local road"]],"id":"Vector Traffic Outline One Side Major local road","layout":{"line-cap":"round","line-join":"round","line-round-limit":1.05,"visibility":"visible"},"paint":{"line-color":{"property":"traffic_level","stops":[[0,"#3c3c3c"],[0.01,"#801212"],[0.8,"#80801c"],[1,"#166416"]]},"line-offset":{"stops":[[5,0],[6,0],[7,0],[8,0],[9,0],[10,0],[11,0],[12,1.4],[13,2],[14,3.7599999999999993],[15,4.29333],[16,4.83667],[17,5.13333],[18,6.39333]]},"line-width":{"stops":[[5,3],[6,3.5],[7,2.5],[8,3.5],[9,3.5],[10,2.9],[11,2.5],[12,4.1],[13,5.8],[14,6.14],[15,6.872],[16,7.9315],[17,8.51],[18,10.967]]}},"source":"vectorTilesTraffic","source-layer":"Traffic flow","type":"line"},{"filter":["all",["==","traffic_road_coverage","one_side"],["has","left_hand_traffic"],["==","road_type","Major local road"]],"id":"Vector Traffic Outline One Side Left Hand Traffic Major local road","layout":{"line-cap":"round","line-join":"round","line-round-limit":1.05,"visibility":"visible"},"paint":{"line-color":{"property":"traffic_level","stops":[[0,"#3c3c3c"],[0.01,"#801212"],[0.8,"#80801c"],[1,"#166416"]]},"line-offset":{"stops":[[5,0],[6,0],[7,0],[8,0],[9,0],[10,0],[11,0],[12,-1.4],[13,-2],[14,-3.7599999999999993],[15,-4.29333],[16,-4.83667],[17,-5.13333],[18,-6.39333]]},"line-width":{"stops":[[5,3],[6,3.5],[7,2.5],[8,3.5],[9,3.5],[10,2.9],[11,2.5],[12,4.1],[13,5.8],[14,6.14],[15,6.872],[16,7.9315],[17,8.51],[18,10.967]]}},"source":"vectorTilesTraffic","source-layer":"Traffic flow","type":"line"},{"filter":["all",["==","traffic_road_coverage","full"],["!has","left_hand_traffic"],["==","road_type","Major local road"]],"id":"Vector Traffic Outline Full Major local road","layout":{"line-cap":"round","line-join":"round","line-round-limit":1.05,"visibility":"visible"},"paint":{"line-color":{"property":"traffic_level","stops":[[0,"#3c3c3c"],[0.01,"#801212"],[0.8,"#80801c"],[1,"#166416"]]},"line-offset":{"stops":[[5,0],[6,0],[7,0],[8,0],[9,0],[10,0],[11,0],[12,1.4],[13,2],[14,3.7599999999999993],[15,0],[16,0],[17,0],[18,0]]},"line-width":{"stops":[[5,3],[6,3.5],[7,2.5],[8,3.5],[9,3.5],[10,2.9],[11,2.5],[12,4.1],[13,5.8],[14,6.14],[15,6.872],[16,7.9315],[17,8.51],[18,10.967]]}},"source":"vectorTilesTraffic","source-layer":"Traffic flow","type":"line"},{"filter":["all",["==","traffic_road_coverage","full"],["has","left_hand_traffic"],["==","road_type","Major local road"]],"id":"Vector Traffic Outline Full Left Hand Traffic Major local road","layout":{"line-cap":"round","line-join":"round","line-round-limit":1.05,"visibility":"visible"},"paint":{"line-color":{"property":"traffic_level","stops":[[0,"#3c3c3c"],[0.01,"#801212"],[0.8,"#80801c"],[1,"#166416"]]},"line-offset":{"stops":[[5,0],[6,0],[7,0],[8,0],[9,0],[10,0],[11,0],[12,-1.4],[13,-2],[14,-3.7599999999999993],[15,0],[16,0],[17,0],[18,0]]},"line-width":{"stops":[[5,3],[6,3.5],[7,2.5],[8,3.5],[9,3.5],[10,2.9],[11,2.5],[12,4.1],[13,5.8],[14,6.14],[15,6.872],[16,7.9315],[17,8.51],[18,10.967]]}},"source":"vectorTilesTraffic","source-layer":"Traffic flow","type":"line"},{"filter":["all",["==","traffic_road_coverage","one_side"],["has","left_hand_traffic"],["==","road_type","Major local road"]],"id":"Vector Traffic One Side Left Hand Traffic Major local road","layout":{"line-cap":"round","line-join":"round","line-miter-limit":2,"line-round-limit":1.05,"visibility":"visible"},"paint":{"line-color":{"property":"traffic_level","stops":[[0,"#777777"],[0.01,"#FF2323"],[0.8,"#FFFF37"],[1,"#2BC82B"]]},"line-offset":{"stops":[[5,0],[6,0],[7,0],[8,0],[9,0],[10,0],[11,0],[12,-1.4],[13,-2],[14,-3.7599999999999993],[15,-4.29333],[16,-4.83667],[17,-5.13333],[18,-6.39333]]},"line-width":{"stops":[[5,3],[6,5],[7,2],[8,3],[9,4],[10,2.4],[11,2],[12,3.5],[13,5.3375],[14,5.64],[15,6.44],[16,7.255],[17,7.7],[18,9.59]]}},"source":"vectorTilesTraffic","source-layer":"Traffic flow","type":"line"},{"filter":["all",["==","traffic_road_coverage","full"],["has","left_hand_traffic"],["==","road_type","Major local road"]],"id":"Vector Traffic Full Left Hand Traffic Major local road","layout":{"line-cap":"round","line-join":"round","line-miter-limit":2,"line-round-limit":1.05,"visibility":"visible"},"paint":{"line-color":{"property":"traffic_level","stops":[[0,"#777777"],[0.01,"#FF2323"],[0.8,"#FFFF37"],[1,"#2BC82B"]]},"line-offset":{"stops":[[5,0],[6,0],[7,0],[8,0],[9,0],[10,0],[11,0],[12,-1.4],[13,-2],[14,-3.7599999999999993],[15,0],[16,0],[17,0],[18,0]]},"line-width":{"stops":[[5,3],[6,3],[7,2],[8,2],[9,3],[10,2.4],[11,2],[12,3.5],[13,5.3375],[14,5.64],[15,6.44],[16,7.255],[17,7.7],[18,9.59]]}},"source":"vectorTilesTraffic","source-layer":"Traffic flow","type":"line"},{"filter":["all",["==","traffic_road_coverage","one_side"],["!has","left_hand_traffic"],["==","road_type","Major local road"]],"id":"Vector Traffic One Side Major local road","layout":{"line-cap":"round","line-join":"round","line-miter-limit":2,"line-round-limit":1.05,"visibility":"visible"},"paint":{"line-color":{"property":"traffic_level","stops":[[0,"#777777"],[0.01,"#FF2323"],[0.8,"#FFFF37"],[1,"#2BC82B"]]},"line-offset":{"stops":[[5,0],[6,0],[7,0],[8,0],[9,0],[10,0],[11,0],[12,1.4],[13,2],[14,3.7599999999999993],[15,4.29333],[16,4.83667],[17,5.13333],[18,6.39333]]},"line-width":{"stops":[[5,3],[6,5],[7,2],[8,3],[9,4],[10,2.4],[11,2],[12,3.5],[13,5.3375],[14,5.64],[15,6.44],[16,7.255],[17,7.7],[18,9.59]]}},"source":"vectorTilesTraffic","source-layer":"Traffic flow","type":"line"},{"filter":["all",["==","traffic_road_coverage","full"],["!has","left_hand_traffic"],["==","road_type","Major local road"]],"id":"Vector Traffic Full Major local road","layout":{"line-cap":"round","line-join":"round","line-miter-limit":2,"line-round-limit":1.05,"visibility":"visible"},"paint":{"line-color":{"property":"traffic_level","stops":[[0,"#777777"],[0.01,"#FF2323"],[0.8,"#FFFF37"],[1,"#2BC82B"]]},"line-offset":{"stops":[[5,0],[6,0],[7,0],[8,0],[9,0],[10,0],[11,0],[12,1.4],[13,2],[14,3.7599999999999993],[15,0],[16,0],[17,0],[18,0]]},"line-width":{"stops":[[5,3],[6,3],[7,2],[8,2],[9,3],[10,2.4],[11,2],[12,3.5],[13,5.3375],[14,5.64],[15,6.44],[16,7.255],[17,7.7],[18,9.59]]}},"source":"vectorTilesTraffic","source-layer":"Traffic flow","type":"line"},{"filter":["all",["==","traffic_road_coverage","one_side"],["!has","left_hand_traffic"],["==","road_type","Connecting road"]],"id":"Vector Traffic Outline One Side Connecting road","layout":{"line-cap":"round","line-join":"round","line-round-limit":1.05,"visibility":"visible"},"paint":{"line-color":{"property":"traffic_level","stops":[[0,"#3c3c3c"],[0.01,"#801212"],[0.8,"#80801c"],[1,"#166416"]]},"line-offset":{"stops":[[5,0],[6,0],[7,0],[8,0],[9,0],[10,0],[11,1.2],[12,1.4],[13,2],[14,4],[15,4.4],[16,4.98333],[17,5.5],[18,6.93333]]},"line-width":{"stops":[[5,3],[6,3.5],[7,2.5],[8,3.5],[9,3.5],[10,2.9],[11,3.5],[12,4.1],[13,6.3],[14,6.639999999999999],[15,7.08],[16,8.2175],[17,9.225],[18,12.02]]}},"source":"vectorTilesTraffic","source-layer":"Traffic flow","type":"line"},{"filter":["all",["==","traffic_road_coverage","one_side"],["has","left_hand_traffic"],["==","road_type","Connecting road"]],"id":"Vector Traffic Outline One Side Left Hand Traffic Connecting road","layout":{"line-cap":"round","line-join":"round","line-round-limit":1.05,"visibility":"visible"},"paint":{"line-color":{"property":"traffic_level","stops":[[0,"#3c3c3c"],[0.01,"#801212"],[0.8,"#80801c"],[1,"#166416"]]},"line-offset":{"stops":[[5,0],[6,0],[7,0],[8,0],[9,0],[10,0],[11,-1.2],[12,-1.4],[13,-2],[14,-4],[15,-4.4],[16,-4.98333],[17,-5.5],[18,-6.93333]]},"line-width":{"stops":[[5,3],[6,3.5],[7,2.5],[8,3.5],[9,3.5],[10,2.9],[11,3.5],[12,4.1],[13,6.3],[14,6.639999999999999],[15,7.08],[16,8.2175],[17,9.225],[18,12.02]]}},"source":"vectorTilesTraffic","source-layer":"Traffic flow","type":"line"},{"filter":["all",["==","traffic_road_coverage","full"],["!has","left_hand_traffic"],["==","road_type","Connecting road"]],"id":"Vector Traffic Outline Full Connecting road","layout":{"line-cap":"round","line-join":"round","line-round-limit":1.05,"visibility":"visible"},"paint":{"line-color":{"property":"traffic_level","stops":[[0,"#3c3c3c"],[0.01,"#801212"],[0.8,"#80801c"],[1,"#166416"]]},"line-offset":{"stops":[[5,0],[6,0],[7,0],[8,0],[9,0],[10,0],[11,1.2],[12,1.4],[13,2],[14,4],[15,0],[16,0],[17,0],[18,0]]},"line-width":{"stops":[[5,3],[6,3.5],[7,2.5],[8,3.5],[9,3.5],[10,2.9],[11,3.5],[12,4.1],[13,6.3],[14,6.639999999999999],[15,7.08],[16,8.2175],[17,9.225],[18,12.02]]}},"source":"vectorTilesTraffic","source-layer":"Traffic flow","type":"line"},{"filter":["all",["==","traffic_road_coverage","full"],["has","left_hand_traffic"],["==","road_type","Connecting road"]],"id":"Vector Traffic Outline Full Left Hand Traffic Connecting road","layout":{"line-cap":"round","line-join":"round","line-round-limit":1.05,"visibility":"visible"},"paint":{"line-color":{"property":"traffic_level","stops":[[0,"#3c3c3c"],[0.01,"#801212"],[0.8,"#80801c"],[1,"#166416"]]},"line-offset":{"stops":[[5,0],[6,0],[7,0],[8,0],[9,0],[10,0],[11,-1.2],[12,-1.4],[13,-2],[14,-4],[15,0],[16,0],[17,0],[18,0]]},"line-width":{"stops":[[5,3],[6,3.5],[7,2.5],[8,3.5],[9,3.5],[10,2.9],[11,3.5],[12,4.1],[13,6.3],[14,6.639999999999999],[15,7.08],[16,8.2175],[17,9.225],[18,12.02]]}},"source":"vectorTilesTraffic","source-layer":"Traffic flow","type":"line"},{"filter":["all",["==","traffic_road_coverage","one_side"],["has","left_hand_traffic"],["==","road_type","Connecting road"]],"id":"Vector Traffic One Side Left Hand Traffic Connecting road","layout":{"line-cap":"round","line-join":"round","line-miter-limit":2,"line-round-limit":1.05,"visibility":"visible"},"paint":{"line-color":{"property":"traffic_level","stops":[[0,"#777777"],[0.01,"#FF2323"],[0.8,"#FFFF37"],[1,"#2BC82B"]]},"line-offset":{"stops":[[5,0],[6,0],[7,0],[8,0],[9,0],[10,0],[11,-1.2],[12,-1.4],[13,-2],[14,-4],[15,-4.4],[16,-4.98333],[17,-5.5],[18,-6.93333]]},"line-width":{"stops":[[5,3],[6,5],[7,2],[8,3],[9,4],[10,2.4],[11,3],[12,3.5],[13,5.75],[14,6.1375],[15,6.6],[16,7.475],[17,8.25],[18,10.4]]}},"source":"vectorTilesTraffic","source-layer":"Traffic flow","type":"line"},{"filter":["all",["==","traffic_road_coverage","full"],["has","left_hand_traffic"],["==","road_type","Connecting road"]],"id":"Vector Traffic Full Left Hand Traffic Connecting road","layout":{"line-cap":"round","line-join":"round","line-miter-limit":2,"line-round-limit":1.05,"visibility":"visible"},"paint":{"line-color":{"property":"traffic_level","stops":[[0,"#777777"],[0.01,"#FF2323"],[0.8,"#FFFF37"],[1,"#2BC82B"]]},"line-offset":{"stops":[[5,0],[6,0],[7,0],[8,0],[9,0],[10,0],[11,-1.2],[12,-1.4],[13,-2],[14,-4],[15,0],[16,0],[17,0],[18,0]]},"line-width":{"stops":[[5,3],[6,3],[7,2],[8,2],[9,3],[10,2.4],[11,3],[12,3.5],[13,5.75],[14,6.1375],[15,6.6],[16,7.475],[17,8.25],[18,10.4]]}},"source":"vectorTilesTraffic","source-layer":"Traffic flow","type":"line"},{"filter":["all",["==","traffic_road_coverage","one_side"],["!has","left_hand_traffic"],["==","road_type","Connecting road"]],"id":"Vector Traffic One Side Connecting road","layout":{"line-cap":"round","line-join":"round","line-miter-limit":2,"line-round-limit":1.05,"visibility":"visible"},"paint":{"line-color":{"property":"traffic_level","stops":[[0,"#777777"],[0.01,"#FF2323"],[0.8,"#FFFF37"],[1,"#2BC82B"]]},"line-offset":{"stops":[[5,0],[6,0],[7,0],[8,0],[9,0],[10,0],[11,1.2],[12,1.4],[13,2],[14,4],[15,4.4],[16,4.98333],[17,5.5],[18,6.93333]]},"line-width":{"stops":[[5,3],[6,5],[7,2],[8,3],[9,4],[10,2.4],[11,3],[12,3.5],[13,5.75],[14,6.1375],[15,6.6],[16,7.475],[17,8.25],[18,10.4]]}},"source":"vectorTilesTraffic","source-layer":"Traffic flow","type":"line"},{"filter":["all",["==","traffic_road_coverage","full"],["!has","left_hand_traffic"],["==","road_type","Connecting road"]],"id":"Vector Traffic Full Connecting road","layout":{"line-cap":"round","line-join":"round","line-miter-limit":2,"line-round-limit":1.05,"visibility":"visible"},"paint":{"line-color":{"property":"traffic_level","stops":[[0,"#777777"],[0.01,"#FF2323"],[0.8,"#FFFF37"],[1,"#2BC82B"]]},"line-offset":{"stops":[[5,0],[6,0],[7,0],[8,0],[9,0],[10,0],[11,1.2],[12,1.4],[13,2],[14,4],[15,0],[16,0],[17,0],[18,0]]},"line-width":{"stops":[[5,3],[6,3],[7,2],[8,2],[9,3],[10,2.4],[11,3],[12,3.5],[13,5.75],[14,6.1375],[15,6.6],[16,7.475],[17,8.25],[18,10.4]]}},"source":"vectorTilesTraffic","source-layer":"Traffic flow","type":"line"},{"filter":["all",["==","traffic_road_coverage","one_side"],["!has","left_hand_traffic"],["==","road_type","Secondary road"]],"id":"Vector Traffic Outline One Side Secondary road","layout":{"line-cap":"round","line-join":"round","line-round-limit":1.05,"visibility":"visible"},"paint":{"line-color":{"property":"traffic_level","stops":[[0,"#3c3c3c"],[0.01,"#801212"],[0.8,"#80801c"],[1,"#166416"]]},"line-offset":{"stops":[[5,0],[6,0],[7,0],[8,0],[9,0],[10,1],[11,1.5],[12,1.4],[13,2],[14,3],[15,4.77333],[16,5.31333],[17,6.33333],[18,7.41333]]},"line-width":{"stops":[[5,1],[6,3.5],[7,2.5],[8,3.5],[9,3.5],[10,2.9],[11,3],[12,4.1],[13,6.3],[14,6.970000000000001],[15,7.808],[16,8.861],[17,10.85],[18,12.956]]}},"source":"vectorTilesTraffic","source-layer":"Traffic flow","type":"line"},{"filter":["all",["==","traffic_road_coverage","one_side"],["has","left_hand_traffic"],["==","road_type","Secondary road"]],"id":"Vector Traffic Outline One Side Left Hand Traffic Secondary road","layout":{"line-cap":"round","line-join":"round","line-round-limit":1.05,"visibility":"visible"},"paint":{"line-color":{"property":"traffic_level","stops":[[0,"#3c3c3c"],[0.01,"#801212"],[0.8,"#80801c"],[1,"#166416"]]},"line-offset":{"stops":[[5,0],[6,0],[7,0],[8,0],[9,0],[10,-1],[11,-1.5],[12,-1.4],[13,-2],[14,-3],[15,-4.77333],[16,-5.31333],[17,-6.33333],[18,-7.41333]]},"line-width":{"stops":[[5,1],[6,3.5],[7,2.5],[8,3.5],[9,3.5],[10,2.9],[11,3],[12,4.1],[13,6.3],[14,6.970000000000001],[15,7.808],[16,8.861],[17,10.85],[18,12.956]]}},"source":"vectorTilesTraffic","source-layer":"Traffic flow","type":"line"},{"filter":["all",["==","traffic_road_coverage","full"],["!has","left_hand_traffic"],["==","road_type","Secondary road"]],"id":"Vector Traffic Outline Full Secondary road","layout":{"line-cap":"round","line-join":"round","line-round-limit":1.05,"visibility":"visible"},"paint":{"line-color":{"property":"traffic_level","stops":[[0,"#3c3c3c"],[0.01,"#801212"],[0.8,"#80801c"],[1,"#166416"]]},"line-offset":{"stops":[[5,0],[6,0],[7,0],[8,0],[9,0],[10,1],[11,1.5],[12,1.4],[13,2],[14,3],[15,0],[16,0],[17,0],[18,0]]},"line-width":{"stops":[[5,3],[6,3.5],[7,2.5],[8,3.5],[9,3.5],[10,2.9],[11,3],[12,4.1],[13,6.3],[14,6.970000000000001],[15,7.808],[16,8.861],[17,10.85],[18,12.956]]}},"source":"vectorTilesTraffic","source-layer":"Traffic flow","type":"line"},{"filter":["all",["==","traffic_road_coverage","full"],["has","left_hand_traffic"],["==","road_type","Secondary road"]],"id":"Vector Traffic Outline Full Left Hand Traffic Secondary road","layout":{"line-cap":"round","line-join":"round","line-round-limit":1.05,"visibility":"visible"},"paint":{"line-color":{"property":"traffic_level","stops":[[0,"#3c3c3c"],[0.01,"#801212"],[0.8,"#80801c"],[1,"#166416"]]},"line-offset":{"stops":[[5,0],[6,0],[7,0],[8,0],[9,0],[10,-1],[11,-1.5],[12,-1.4],[13,-2],[14,-3],[15,0],[16,0],[17,0],[18,0]]},"line-width":{"stops":[[5,3],[6,3.5],[7,2.5],[8,3.5],[9,3.5],[10,2.9],[11,3],[12,4.1],[13,6.3],[14,6.970000000000001],[15,7.808],[16,8.861],[17,10.85],[18,12.956]]}},"source":"vectorTilesTraffic","source-layer":"Traffic flow","type":"line"},{"filter":["all",["==","traffic_road_coverage","one_side"],["has","left_hand_traffic"],["==","road_type","Secondary road"]],"id":"Vector Traffic One Side Left Hand Traffic Secondary road","layout":{"line-cap":"round","line-join":"round","line-miter-limit":2,"line-round-limit":1.05,"visibility":"visible"},"paint":{"line-color":{"property":"traffic_level","stops":[[0,"#777777"],[0.01,"#FF2323"],[0.8,"#FFFF37"],[1,"#2BC82B"]]},"line-offset":{"stops":[[5,0],[6,0],[7,0],[8,0],[9,0],[10,-1],[11,-1.5],[12,-1.4],[13,-2],[14,-3],[15,-4.77333],[16,-5.31333],[17,-6.33333],[18,-7.41333]]},"line-width":{"stops":[[5,3],[6,5],[7,2],[8,3],[9,4],[10,2.4],[11,2.5],[12,3.5],[13,5.72],[14,6.470000000000001],[15,7.159999999999999],[16,7.970000000000001],[17,9.5],[18,11.12]]}},"source":"vectorTilesTraffic","source-layer":"Traffic flow","type":"line"},{"filter":["all",["==","traffic_road_coverage","full"],["has","left_hand_traffic"],["==","road_type","Secondary road"]],"id":"Vector Traffic Full Left Hand Traffic Secondary road","layout":{"line-cap":"round","line-join":"round","line-miter-limit":2,"line-round-limit":1.05,"visibility":"visible"},"paint":{"line-color":{"property":"traffic_level","stops":[[0,"#777777"],[0.01,"#FF2323"],[0.8,"#FFFF37"],[1,"#2BC82B"]]},"line-offset":{"stops":[[5,0],[6,0],[7,0],[8,0],[9,0],[10,-1],[11,-1.5],[12,-1.4],[13,-2],[14,-3],[15,0],[16,0],[17,0],[18,0]]},"line-width":{"stops":[[5,3],[6,3],[7,2],[8,2],[9,3],[10,2.4],[11,2.5],[12,3.5],[13,5.72],[14,6.470000000000001],[15,7.159999999999999],[16,7.970000000000001],[17,9.5],[18,11.12]]}},"source":"vectorTilesTraffic","source-layer":"Traffic flow","type":"line"},{"filter":["all",["==","traffic_road_coverage","one_side"],["!has","left_hand_traffic"],["==","road_type","Secondary road"]],"id":"Vector Traffic One Side Secondary road","layout":{"line-cap":"round","line-join":"round","line-miter-limit":2,"line-round-limit":1.05,"visibility":"visible"},"paint":{"line-color":{"property":"traffic_level","stops":[[0,"#777777"],[0.01,"#FF2323"],[0.8,"#FFFF37"],[1,"#2BC82B"]]},"line-offset":{"stops":[[5,0],[6,0],[7,0],[8,0],[9,0],[10,1],[11,1.5],[12,1.4],[13,2],[14,3],[15,4.77333],[16,5.31333],[17,6.33333],[18,7.41333]]},"line-width":{"stops":[[5,3],[6,5],[7,2],[8,3],[9,4],[10,2.4],[11,2.5],[12,3.5],[13,5.72],[14,6.470000000000001],[15,7.159999999999999],[16,7.970000000000001],[17,9.5],[18,11.12]]}},"source":"vectorTilesTraffic","source-layer":"Traffic flow","type":"line"},{"filter":["all",["==","traffic_road_coverage","full"],["!has","left_hand_traffic"],["==","road_type","Secondary road"]],"id":"Vector Traffic Full Secondary road","layout":{"line-cap":"round","line-join":"round","line-miter-limit":2,"line-round-limit":1.05,"visibility":"visible"},"paint":{"line-color":{"property":"traffic_level","stops":[[0,"#777777"],[0.01,"#FF2323"],[0.8,"#FFFF37"],[1,"#2BC82B"]]},"line-offset":{"stops":[[5,0],[6,0],[7,0],[8,0],[9,0],[10,1],[11,1.5],[12,1.4],[13,2],[14,3],[15,0],[16,0],[17,0],[18,0]]},"line-width":{"stops":[[5,3],[6,3],[7,2],[8,2],[9,3],[10,2.4],[11,2.5],[12,3.5],[13,5.72],[14,6.470000000000001],[15,7.159999999999999],[16,7.970000000000001],[17,9.5],[18,11.12]]}},"source":"vectorTilesTraffic","source-layer":"Traffic flow","type":"line"},{"filter":["all",["==","traffic_road_coverage","one_side"],["!has","left_hand_traffic"],["==","road_type","Major road"]],"id":"Vector Traffic Outline One Side Major road","layout":{"line-cap":"round","line-join":"round","line-round-limit":1.05,"visibility":"visible"},"paint":{"line-color":{"property":"traffic_level","stops":[[0,"#3c3c3c"],[0.01,"#801212"],[0.8,"#80801c"],[1,"#166416"]]},"line-offset":{"stops":[[5,0],[6,0],[7,0],[8,1],[9,1.5],[10,1.5],[11,1.7],[12,2.1],[13,3],[14,3],[15,5.38667],[16,6.06333],[17,7.3],[18,8.65333]]},"line-width":{"stops":[[5,1],[6,4],[7,3.1],[8,1.5],[9,3.5],[10,2.9],[11,3.5],[12,5.5],[13,6.9],[14,7.75],[15,9.004],[16,10.3235],[17,12.735],[18,15.374]]}},"source":"vectorTilesTraffic","source-layer":"Traffic flow","type":"line"},{"filter":["all",["==","traffic_road_coverage","one_side"],["has","left_hand_traffic"],["==","road_type","Major road"]],"id":"Vector Traffic Outline One Side Left Hand Traffic Major road","layout":{"line-cap":"round","line-join":"round","line-round-limit":1.05,"visibility":"visible"},"paint":{"line-color":{"property":"traffic_level","stops":[[0,"#3c3c3c"],[0.01,"#801212"],[0.8,"#80801c"],[1,"#166416"]]},"line-offset":{"stops":[[5,0],[6,0],[7,0],[8,-1],[9,-1.5],[10,-1.5],[11,-1.7],[12,-2.1],[13,-3],[14,-3],[15,-5.38667],[16,-6.06333],[17,-7.3],[18,-8.65333]]},"line-width":{"stops":[[5,1],[6,4],[7,3.1],[8,1.5],[9,3.5],[10,2.9],[11,3.5],[12,5.5],[13,6.9],[14,7.75],[15,9.004],[16,10.3235],[17,12.735],[18,15.374]]}},"source":"vectorTilesTraffic","source-layer":"Traffic flow","type":"line"},{"filter":["all",["==","traffic_road_coverage","full"],["!has","left_hand_traffic"],["==","road_type","Major road"]],"id":"Vector Traffic Outline Full Major road","layout":{"line-cap":"round","line-join":"round","line-round-limit":1.05,"visibility":"visible"},"paint":{"line-color":{"property":"traffic_level","stops":[[0,"#3c3c3c"],[0.01,"#801212"],[0.8,"#80801c"],[1,"#166416"]]},"line-offset":{"stops":[[5,0],[6,0],[7,0],[8,1],[9,1.5],[10,1.5],[11,1.7],[12,2.1],[13,3],[14,3],[15,0],[16,0],[17,0],[18,0]]},"line-width":{"stops":[[5,3],[6,4],[7,3.1],[8,1.5],[9,3.5],[10,2.9],[11,3.5],[12,5.5],[13,6.9],[14,7.75],[15,9.004],[16,10.3235],[17,12.735],[18,15.374]]}},"source":"vectorTilesTraffic","source-layer":"Traffic flow","type":"line"},{"filter":["all",["==","traffic_road_coverage","full"],["has","left_hand_traffic"],["==","road_type","Major road"]],"id":"Vector Traffic Outline Full Left Hand Traffic Major road","layout":{"line-cap":"round","line-join":"round","line-round-limit":1.05,"visibility":"visible"},"paint":{"line-color":{"property":"traffic_level","stops":[[0,"#3c3c3c"],[0.01,"#801212"],[0.8,"#80801c"],[1,"#166416"]]},"line-offset":{"stops":[[5,0],[6,0],[7,0],[8,-1],[9,-1.5],[10,-1.5],[11,-1.7],[12,-2.1],[13,-3],[14,-3],[15,0],[16,0],[17,0],[18,0]]},"line-width":{"stops":[[5,3],[6,4],[7,3.1],[8,1.5],[9,3.5],[10,2.9],[11,3.5],[12,5.5],[13,6.9],[14,7.75],[15,9.004],[16,10.3235],[17,12.735],[18,15.374]]}},"source":"vectorTilesTraffic","source-layer":"Traffic flow","type":"line"},{"filter":["all",["==","traffic_road_coverage","one_side"],["has","left_hand_traffic"],["==","road_type","Major road"]],"id":"Vector Traffic One Side Left Hand Traffic Major road","layout":{"line-cap":"round","line-join":"round","line-miter-limit":2,"line-round-limit":1.05,"visibility":"visible"},"paint":{"line-color":{"property":"traffic_level","stops":[[0,"#777777"],[0.01,"#FF2323"],[0.8,"#FFFF37"],[1,"#2BC82B"]]},"line-offset":{"stops":[[5,0],[6,0],[7,0],[8,-1],[9,-1.5],[10,-1.5],[11,-1.7],[12,-2.1],[13,-3],[14,-3],[15,-5.38667],[16,-6.06333],[17,-7.3],[18,-8.65333]]},"line-width":{"stops":[[5,3],[6,3],[7,2.6],[8,1],[9,3],[10,2.4],[11,3],[12,5],[13,6.26],[14,7.205],[15,8.08],[16,9.095],[17,10.95],[18,12.98]]}},"source":"vectorTilesTraffic","source-layer":"Traffic flow","type":"line"},{"filter":["all",["==","traffic_road_coverage","full"],["has","left_hand_traffic"],["==","road_type","Major road"]],"id":"Vector Traffic Full Left Hand Traffic Major road","layout":{"line-cap":"round","line-join":"round","line-miter-limit":2,"line-round-limit":1.05,"visibility":"visible"},"paint":{"line-color":{"property":"traffic_level","stops":[[0,"#777777"],[0.01,"#FF2323"],[0.8,"#FFFF37"],[1,"#2BC82B"]]},"line-offset":{"stops":[[5,0],[6,0],[7,0],[8,-1],[9,-1.5],[10,-1.5],[11,-1.7],[12,-2.1],[13,-3],[14,-3],[15,0],[16,0],[17,0],[18,0]]},"line-width":{"stops":[[5,3],[6,3],[7,2.6],[8,1],[9,3],[10,2.4],[11,3],[12,5],[13,6.26],[14,7.205],[15,8.08],[16,9.095],[17,10.95],[18,12.98]]}},"source":"vectorTilesTraffic","source-layer":"Traffic flow","type":"line"},{"filter":["all",["==","traffic_road_coverage","one_side"],["!has","left_hand_traffic"],["==","road_type","Major road"]],"id":"Vector Traffic One Side Major road","layout":{"line-cap":"round","line-join":"round","line-miter-limit":2,"line-round-limit":1.05,"visibility":"visible"},"paint":{"line-color":{"property":"traffic_level","stops":[[0,"#777777"],[0.01,"#FF2323"],[0.8,"#FFFF37"],[1,"#2BC82B"]]},"line-offset":{"stops":[[5,0],[6,0],[7,0],[8,1],[9,1.5],[10,1.5],[11,1.7],[12,2.1],[13,3],[14,3],[15,5.38667],[16,6.06333],[17,7.3],[18,8.65333]]},"line-width":{"stops":[[5,3],[6,3],[7,2.6],[8,1],[9,3],[10,2.4],[11,3],[12,5],[13,6.26],[14,7.205],[15,8.08],[16,9.095],[17,10.95],[18,12.98]]}},"source":"vectorTilesTraffic","source-layer":"Traffic flow","type":"line"},{"filter":["all",["==","traffic_road_coverage","full"],["!has","left_hand_traffic"],["==","road_type","Major road"]],"id":"Vector Traffic Full Major road","layout":{"line-cap":"round","line-join":"round","line-miter-limit":2,"line-round-limit":1.05,"visibility":"visible"},"paint":{"line-color":{"property":"traffic_level","stops":[[0,"#777777"],[0.01,"#FF2323"],[0.8,"#FFFF37"],[1,"#2BC82B"]]},"line-offset":{"stops":[[5,0],[6,0],[7,0],[8,1],[9,1.5],[10,1.5],[11,1.7],[12,2.1],[13,3],[14,3],[15,0],[16,0],[17,0],[18,0]]},"line-width":{"stops":[[5,3],[6,3],[7,2.6],[8,1],[9,3],[10,2.4],[11,3],[12,5],[13,6.26],[14,7.205],[15,8.08],[16,9.095],[17,10.95],[18,12.98]]}},"source":"vectorTilesTraffic","source-layer":"Traffic flow","type":"line"},{"filter":["all",["==","traffic_road_coverage","one_side"],["!has","left_hand_traffic"],["==","road_type","International road"]],"id":"Vector Traffic Outline One Side International road","layout":{"line-cap":"round","line-join":"round","line-round-limit":1.05,"visibility":"visible"},"paint":{"line-color":{"property":"traffic_level","stops":[[0,"#3c3c3c"],[0.01,"#801212"],[0.8,"#80801c"],[1,"#166416"]]},"line-offset":{"stops":[[5,0],[6,0],[7,1.36],[8,1.3],[9,1.7],[10,2],[11,2.3],[12,2.6],[13,3],[14,3.5],[15,2],[16,6.93333],[17,7.866670000000001],[18,9.41333]]},"line-width":{"stops":[[5,1],[6,3.5],[7,3.1],[8,2.5],[9,3.5],[10,4.5],[11,5.5],[12,6.6],[13,7],[14,8.5],[15,9.576],[16,12.02],[17,13.84],[18,16.856]]}},"source":"vectorTilesTraffic","source-layer":"Traffic flow","type":"line"},{"filter":["all",["==","traffic_road_coverage","one_side"],["has","left_hand_traffic"],["==","road_type","International road"]],"id":"Vector Traffic Outline One Side Left Hand Traffic International road","layout":{"line-cap":"round","line-join":"round","line-round-limit":1.05,"visibility":"visible"},"paint":{"line-color":{"property":"traffic_level","stops":[[0,"#3c3c3c"],[0.01,"#801212"],[0.8,"#80801c"],[1,"#166416"]]},"line-offset":{"stops":[[5,0],[6,0],[7,-1.36],[8,-1.3],[9,-1.7],[10,-2],[11,-2.3],[12,-2.6],[13,-3],[14,-3.5],[15,-2],[16,-6.93333],[17,-7.866670000000001],[18,-9.41333]]},"line-width":{"stops":[[5,1],[6,3.5],[7,3.1],[8,2.5],[9,3.5],[10,4.5],[11,5.5],[12,6.6],[13,7],[14,8.5],[15,9.576],[16,12.02],[17,13.84],[18,16.856]]}},"source":"vectorTilesTraffic","source-layer":"Traffic flow","type":"line"},{"filter":["all",["==","traffic_road_coverage","full"],["!has","left_hand_traffic"],["==","road_type","International road"]],"id":"Vector Traffic Outline Full International road","layout":{"line-cap":"round","line-join":"round","line-round-limit":1.05,"visibility":"visible"},"paint":{"line-color":{"property":"traffic_level","stops":[[0,"#3c3c3c"],[0.01,"#801212"],[0.8,"#80801c"],[1,"#166416"]]},"line-offset":{"stops":[[5,0],[6,0],[7,1.36],[8,1.3],[9,1.7],[10,2],[11,2.3],[12,2.6],[13,3],[14,3.5],[15,2],[16,0],[17,0],[18,0]]},"line-width":{"stops":[[5,2],[6,3.5],[7,3.1],[8,2.5],[9,3.5],[10,4.5],[11,5.5],[12,6.6],[13,7],[14,8.5],[15,9.576],[16,12.02],[17,13.84],[18,16.856]]}},"source":"vectorTilesTraffic","source-layer":"Traffic flow","type":"line"},{"filter":["all",["==","traffic_road_coverage","full"],["has","left_hand_traffic"],["==","road_type","International road"]],"id":"Vector Traffic Outline Full Left Hand Traffic International road","layout":{"line-cap":"round","line-join":"round","line-round-limit":1.05,"visibility":"visible"},"paint":{"line-color":{"property":"traffic_level","stops":[[0,"#3c3c3c"],[0.01,"#801212"],[0.8,"#80801c"],[1,"#166416"]]},"line-offset":{"stops":[[5,0],[6,0],[7,-1.36],[8,-1.3],[9,-1.7],[10,-2],[11,-2.3],[12,-2.6],[13,-3],[14,-3.5],[15,-2],[16,0],[17,0],[18,0]]},"line-width":{"stops":[[5,2],[6,3.5],[7,3.1],[8,2.5],[9,3.5],[10,4.5],[11,5.5],[12,6.6],[13,7],[14,8.5],[15,9.576],[16,12.02],[17,13.84],[18,16.856]]}},"source":"vectorTilesTraffic","source-layer":"Traffic flow","type":"line"},{"filter":["all",["==","traffic_road_coverage","one_side"],["has","left_hand_traffic"],["==","road_type","International road"]],"id":"Vector Traffic One Side Left Hand Traffic International road","layout":{"line-cap":"round","line-join":"round","line-miter-limit":2,"line-round-limit":1.05,"visibility":"visible"},"paint":{"line-color":{"property":"traffic_level","stops":[[0,"#777777"],[0.01,"#FF2323"],[0.8,"#FFFF37"],[1,"#2BC82B"]]},"line-offset":{"stops":[[5,0],[6,0],[7,-1.36],[8,-1.3],[9,-1.7],[10,-2],[11,-2.3],[12,-2.6],[13,-3],[14,-3.5],[15,-2],[16,-6.93333],[17,-7.866670000000001],[18,-9.41333]]},"line-width":{"stops":[[5,3],[6,3],[7,2.6],[8,2],[9,3],[10,4],[11,5],[12,6],[13,6.5],[14,8],[15,8.52],[16,10.4],[17,11.8],[18,14.12]]}},"source":"vectorTilesTraffic","source-layer":"Traffic flow","type":"line"},{"filter":["all",["==","traffic_road_coverage","full"],["has","left_hand_traffic"],["==","road_type","International road"]],"id":"Vector Traffic Full Left Hand Traffic International road","layout":{"line-cap":"round","line-join":"round","line-miter-limit":2,"line-round-limit":1.05,"visibility":"visible"},"paint":{"line-color":{"property":"traffic_level","stops":[[0,"#777777"],[0.01,"#FF2323"],[0.8,"#FFFF37"],[1,"#2BC82B"]]},"line-offset":{"stops":[[5,0],[6,0],[7,-1.36],[8,-1.3],[9,-1.7],[10,-2],[11,-2.3],[12,-2.6],[13,-3],[14,-3.5],[15,-2],[16,0],[17,0],[18,0]]},"line-width":{"stops":[[5,3],[6,3],[7,2.6],[8,2],[9,3],[10,4],[11,5],[12,6],[13,6.5],[14,8],[15,8.52],[16,10.4],[17,11.8],[18,14.12]]}},"source":"vectorTilesTraffic","source-layer":"Traffic flow","type":"line"},{"filter":["all",["==","traffic_road_coverage","one_side"],["!has","left_hand_traffic"],["==","road_type","International road"]],"id":"Vector Traffic One Side International road","layout":{"line-cap":"round","line-join":"round","line-miter-limit":2,"line-round-limit":1.05,"visibility":"visible"},"paint":{"line-color":{"property":"traffic_level","stops":[[0,"#777777"],[0.01,"#FF2323"],[0.8,"#FFFF37"],[1,"#2BC82B"]]},"line-offset":{"stops":[[5,0],[6,0],[7,1.36],[8,1.3],[9,1.7],[10,2],[11,2.3],[12,2.6],[13,3],[14,3.5],[15,2],[16,6.93333],[17,7.866670000000001],[18,9.41333]]},"line-width":{"stops":[[5,3],[6,3],[7,2.6],[8,2],[9,3],[10,4],[11,5],[12,6],[13,6.5],[14,8],[15,8.52],[16,10.4],[17,11.8],[18,14.12]]}},"source":"vectorTilesTraffic","source-layer":"Traffic flow","type":"line"},{"filter":["all",["==","traffic_road_coverage","full"],["!has","left_hand_traffic"],["==","road_type","International road"]],"id":"Vector Traffic Full International road","layout":{"line-cap":"round","line-join":"round","line-miter-limit":2,"line-round-limit":1.05,"visibility":"visible"},"paint":{"line-color":{"property":"traffic_level","stops":[[0,"#777777"],[0.01,"#FF2323"],[0.8,"#FFFF37"],[1,"#2BC82B"]]},"line-offset":{"stops":[[5,0],[6,0],[7,1.36],[8,1.3],[9,1.7],[10,2],[11,2.3],[12,2.6],[13,3],[14,3.5],[15,2],[16,0],[17,0],[18,0]]},"line-width":{"stops":[[5,3],[6,3],[7,2.6],[8,2],[9,3],[10,4],[11,5],[12,6],[13,6.5],[14,8],[15,8.52],[16,10.4],[17,11.8],[18,14.12]]}},"source":"vectorTilesTraffic","source-layer":"Traffic flow","type":"line"},{"filter":["all",["==","traffic_road_coverage","one_side"],["!has","left_hand_traffic"],["==","road_type","Motorway"]],"id":"Vector Traffic Outline One Side Motorway","layout":{"line-cap":"round","line-join":"round","line-round-limit":1.05,"visibility":"visible"},"paint":{"line-color":{"property":"traffic_level","stops":[[0,"#3c3c3c"],[0.01,"#801212"],[0.8,"#80801c"],[1,"#166416"]]},"line-offset":{"stops":[[5,0.5],[6,0],[7,1.3],[8,1.8],[9,2.1],[10,2.5],[11,3],[12,3.5],[13,3],[14,4],[15,6.533330000000001],[16,7.73333],[17,9.11111],[18,11.3333]]},"line-width":{"stops":[[5,2.5],[6,4.5],[7,3],[8,3.5],[9,4.5],[10,5.5],[11,6.5],[12,7.8],[13,7.730000000000001],[14,9.7],[15,11.24],[16,13.580000000000002],[17,16.2667],[18,20.6]]}},"source":"vectorTilesTraffic","source-layer":"Traffic flow","type":"line"},{"filter":["all",["==","traffic_road_coverage","one_side"],["has","left_hand_traffic"],["==","road_type","Motorway"]],"id":"Vector Traffic Outline One Side Left Hand Traffic Motorway","layout":{"line-cap":"round","line-join":"round","line-round-limit":1.05,"visibility":"visible"},"paint":{"line-color":{"property":"traffic_level","stops":[[0,"#3c3c3c"],[0.01,"#801212"],[0.8,"#80801c"],[1,"#166416"]]},"line-offset":{"stops":[[5,-0.5],[6,0],[7,-1.3],[8,-1.8],[9,-2.1],[10,-2.5],[11,-3],[12,-3.5],[13,-3],[14,-4],[15,-6.533330000000001],[16,-7.73333],[17,-9.11111],[18,-11.3333]]},"line-width":{"stops":[[5,2.5],[6,4.5],[7,3],[8,3.5],[9,4.5],[10,5.5],[11,6.5],[12,7.8],[13,7.730000000000001],[14,9.7],[15,11.24],[16,13.580000000000002],[17,16.2667],[18,20.6]]}},"source":"vectorTilesTraffic","source-layer":"Traffic flow","type":"line"},{"filter":["all",["==","traffic_road_coverage","full"],["!has","left_hand_traffic"],["==","road_type","Motorway"]],"id":"Vector Traffic Outline Full Motorway","layout":{"line-cap":"round","line-join":"round","line-round-limit":1.05,"visibility":"visible"},"paint":{"line-color":{"property":"traffic_level","stops":[[0,"#3c3c3c"],[0.01,"#801212"],[0.8,"#80801c"],[1,"#166416"]]},"line-offset":{"stops":[[5,0.5],[6,0],[7,1.3],[8,1.8],[9,2.1],[10,2.5],[11,3],[12,3.5],[13,3],[14,4],[15,4],[16,0],[17,0],[18,0]]},"line-width":{"stops":[[5,2.5],[6,4.5],[7,3],[8,3.5],[9,4.5],[10,5.5],[11,6.5],[12,7.8],[13,7.730000000000001],[14,9.7],[15,11.24],[16,13.580000000000002],[17,16.2667],[18,20.6]]}},"source":"vectorTilesTraffic","source-layer":"Traffic flow","type":"line"},{"filter":["all",["==","traffic_road_coverage","full"],["has","left_hand_traffic"],["==","road_type","Motorway"]],"id":"Vector Traffic Outline Full Left Hand Traffic Motorway","layout":{"line-cap":"round","line-join":"round","line-round-limit":1.05,"visibility":"visible"},"paint":{"line-color":{"property":"traffic_level","stops":[[0,"#3c3c3c"],[0.01,"#801212"],[0.8,"#80801c"],[1,"#166416"]]},"line-offset":{"stops":[[5,-0.5],[6,0],[7,-1.3],[8,-1.8],[9,-2.1],[10,-2.5],[11,-3],[12,-3.5],[13,-3],[14,-4],[15,-4],[16,0],[17,0],[18,0]]},"line-width":{"stops":[[5,2.5],[6,4.5],[7,3],[8,3.5],[9,4.5],[10,5.5],[11,6.5],[12,7.8],[13,7.730000000000001],[14,9.7],[15,11.24],[16,13.580000000000002],[17,16.2667],[18,20.6]]}},"source":"vectorTilesTraffic","source-layer":"Traffic flow","type":"line"},{"filter":["all",["==","traffic_road_coverage","one_side"],["has","left_hand_traffic"],["==","road_type","Motorway"]],"id":"Vector Traffic One Side Left Hand Traffic Motorway","layout":{"line-cap":"round","line-join":"round","line-miter-limit":2,"line-round-limit":1.05,"visibility":"visible"},"paint":{"line-color":{"property":"traffic_level","stops":[[0,"#777777"],[0.01,"#FF2323"],[0.8,"#FFFF37"],[1,"#2BC82B"]]},"line-offset":{"stops":[[5,-0.5],[6,0],[7,-1.3],[8,-1.8],[9,-2.1],[10,-2.5],[11,-3],[12,-3.5],[13,-3],[14,-4],[15,-6],[16,-7.73333],[17,-9.11111],[18,-11.3333]]},"line-width":{"stops":[[5,2],[6,4],[7,2.5],[8,3],[9,4],[10,5],[11,6],[12,7.2],[13,7.1],[14,9],[15,9.8],[16,11.6],[17,13.6667],[18,17]]}},"source":"vectorTilesTraffic","source-layer":"Traffic flow","type":"line"},{"filter":["all",["==","traffic_road_coverage","full"],["has","left_hand_traffic"],["==","road_type","Motorway"]],"id":"Vector Traffic Full Left Hand Traffic Motorway","layout":{"line-cap":"round","line-join":"round","line-miter-limit":2,"line-round-limit":1.05,"visibility":"visible"},"paint":{"line-color":{"property":"traffic_level","stops":[[0,"#777777"],[0.01,"#FF2323"],[0.8,"#FFFF37"],[1,"#2BC82B"]]},"line-offset":{"stops":[[5,-0.5],[6,0],[7,-1.3],[8,-1.8],[9,-2.1],[10,-2.5],[11,-3],[12,-3.5],[13,-3],[14,-4],[15,-4],[16,0],[17,0],[18,0]]},"line-width":{"stops":[[5,2],[6,4],[7,2.5],[8,3],[9,4],[10,5],[11,6],[12,7.2],[13,7.1],[14,9],[15,9.8],[16,11.6],[17,13.6667],[18,17]]}},"source":"vectorTilesTraffic","source-layer":"Traffic flow","type":"line"},{"filter":["all",["==","traffic_road_coverage","one_side"],["!has","left_hand_traffic"],["==","road_type","Motorway"]],"id":"Vector Traffic One Side Motorway","layout":{"line-cap":"round","line-join":"round","line-miter-limit":2,"line-round-limit":1.05,"visibility":"visible"},"paint":{"line-color":{"property":"traffic_level","stops":[[0,"#777777"],[0.01,"#FF2323"],[0.8,"#FFFF37"],[1,"#2BC82B"]]},"line-offset":{"stops":[[5,0.5],[6,0],[7,1.3],[8,1.8],[9,2.1],[10,2.5],[11,3],[12,3.5],[13,3],[14,4],[15,6],[16,7.73333],[17,9.11111],[18,11.3333]]},"line-width":{"stops":[[5,2],[6,4],[7,2.5],[8,3],[9,4],[10,5],[11,6],[12,7.2],[13,7.1],[14,9],[15,9.8],[16,11.6],[17,13.6667],[18,17]]}},"source":"vectorTilesTraffic","source-layer":"Traffic flow","type":"line"},{"filter":["all",["==","traffic_road_coverage","full"],["!has","left_hand_traffic"],["==","road_type","Motorway"]],"id":"Vector Traffic Full Motorway","layout":{"line-cap":"round","line-join":"round","line-miter-limit":2,"line-round-limit":1.05,"visibility":"visible"},"paint":{"line-color":{"property":"traffic_level","stops":[[0,"#777777"],[0.01,"#FF2323"],[0.8,"#FFFF37"],[1,"#2BC82B"]]},"line-offset":{"stops":[[5,0.5],[6,0],[7,1.3],[8,1.8],[9,2.1],[10,2.5],[11,3],[12,3.5],[13,3],[14,4],[15,4],[16,0],[17,0],[18,0]]},"line-width":{"stops":[[5,2],[6,4],[7,2.5],[8,3],[9,4],[10,5],[11,6],[12,7.2],[13,7.1],[14,9],[15,9.8],[16,11.6],[17,13.6667],[18,17]]}},"source":"vectorTilesTraffic","source-layer":"Traffic flow","type":"line"}],"metadata":{},"sources":{"vectorTilesTraffic":{"maxzoom":20,"minzoom":0,"tiles":["https://a.api.tomtom.com/traffic/map/4/tile/flow/relative/{z}/{x}/{y}.pbf?key={key}","https://b.api.tomtom.com/traffic/map/4/tile/flow/relative/{z}/{x}/{y}.pbf?key={key}","https://c.api.tomtom.com/traffic/map/4/tile/flow/relative/{z}/{x}/{y}.pbf?key={key}","https://d.api.tomtom.com/traffic/map/4/tile/flow/relative/{z}/{x}/{y}.pbf?key={key}"],"type":"vector"}},"version":8}